-- V2__seed_data.sql
-- Seed data for RestoOrderHub
-- Using simple hex values for compatibility
-- All passwords are: Password123! (BCrypt hash: $2b$10$X10BpsXM/vdU4GpvgMhl0undiHAPlwOzKMlPQ9rx22w2AyQI1JhhW)

INSERT INTO users (id, email, password_hash, first_name, last_name, role, is_email_verified, is_active, auth_provider) VALUES
(0x01000000000000000000000000000001, 'owner@restohub.com', '$2b$10$X10BpsXM/vdU4GpvgMhl0undiHAPlwOzKMlPQ9rx22w2AyQI1JhhW', 'Олександр', 'Петренко', 'OWNER', TRUE, TRUE, 'LOCAL');

INSERT INTO users (id, email, password_hash, first_name, last_name, role, is_email_verified, is_active, auth_provider) VALUES
(0x01000000000000000000000000000002, 'manager@restohub.com', '$2b$10$X10BpsXM/vdU4GpvgMhl0undiHAPlwOzKMlPQ9rx22w2AyQI1JhhW', 'Марія', 'Коваленко', 'MANAGER', TRUE, TRUE, 'LOCAL');

INSERT INTO users (id, email, password_hash, first_name, last_name, role, is_email_verified, is_active, auth_provider) VALUES
(0x01000000000000000000000000000003, 'waiter@restohub.com', '$2b$10$X10BpsXM/vdU4GpvgMhl0undiHAPlwOzKMlPQ9rx22w2AyQI1JhhW', 'Андрій', 'Шевченко', 'WAITER', TRUE, TRUE, 'LOCAL');

INSERT INTO users (id, email, password_hash, first_name, last_name, role, is_email_verified, is_active, auth_provider) VALUES
(0x01000000000000000000000000000004, 'chef@restohub.com', '$2b$10$X10BpsXM/vdU4GpvgMhl0undiHAPlwOzKMlPQ9rx22w2AyQI1JhhW', 'Іван', 'Бондаренко', 'CHEF', TRUE, TRUE, 'LOCAL');

INSERT INTO users (id, email, password_hash, first_name, last_name, role, is_email_verified, is_active, auth_provider) VALUES
(0x01000000000000000000000000000005, 'client1@test.com', '$2b$10$X10BpsXM/vdU4GpvgMhl0undiHAPlwOzKMlPQ9rx22w2AyQI1JhhW', 'Петро', 'Василенко', 'CLIENT', TRUE, TRUE, 'LOCAL'),
(0x01000000000000000000000000000006, 'client2@test.com', '$2b$10$X10BpsXM/vdU4GpvgMhl0undiHAPlwOzKMlPQ9rx22w2AyQI1JhhW', 'Оксана', 'Сидоренко', 'CLIENT', TRUE, TRUE, 'LOCAL');

INSERT INTO restaurants (id, name, description, address, city, phone, email, cuisine_type, price_range, capacity, is_active, owner_id) VALUES
(0x02000000000000000000000000000001, 'Ресторан "Смак"', 'Затишний ресторан з українською кухнею', 'вул. Хрещатик, 10', 'Київ', '+380441234567', 'smak@restohub.com', 'Українська', 'MODERATE', 50, TRUE, 0x01000000000000000000000000000001),
(0x02000000000000000000000000000002, 'Ресторан "Мрія"', 'Елегантний ресторан європейської кухні', 'вул. Десенська, 25', 'Київ', '+380442345678', 'mriya@restohub.com', 'Європейська', 'EXPENSIVE', 80, TRUE, 0x01000000000000000000000000000001);

INSERT INTO working_hours (id, restaurant_id, day_of_week, open_time, close_time, is_closed) VALUES
(0x03000000000000000000000000000001, 0x02000000000000000000000000000001, 'MONDAY', '10:00:00', '22:00:00', FALSE),
(0x03000000000000000000000000000002, 0x02000000000000000000000000000001, 'TUESDAY', '10:00:00', '22:00:00', FALSE),
(0x03000000000000000000000000000003, 0x02000000000000000000000000000001, 'WEDNESDAY', '10:00:00', '22:00:00', FALSE),
(0x03000000000000000000000000000004, 0x02000000000000000000000000000001, 'THURSDAY', '10:00:00', '22:00:00', FALSE),
(0x03000000000000000000000000000005, 0x02000000000000000000000000000001, 'FRIDAY', '10:00:00', '23:00:00', FALSE),
(0x03000000000000000000000000000006, 0x02000000000000000000000000000001, 'SATURDAY', '11:00:00', '23:00:00', FALSE),
(0x03000000000000000000000000000007, 0x02000000000000000000000000000001, 'SUNDAY', '11:00:00', '22:00:00', FALSE),
(0x03000000000000000000000000000008, 0x02000000000000000000000000000002, 'MONDAY', '12:00:00', '23:00:00', FALSE),
(0x03000000000000000000000000000009, 0x02000000000000000000000000000002, 'TUESDAY', '12:00:00', '23:00:00', FALSE),
(0x0300000000000000000000000000000a, 0x02000000000000000000000000000002, 'WEDNESDAY', '12:00:00', '23:00:00', FALSE),
(0x0300000000000000000000000000000b, 0x02000000000000000000000000000002, 'THURSDAY', '12:00:00', '23:00:00', FALSE),
(0x0300000000000000000000000000000c, 0x02000000000000000000000000000002, 'FRIDAY', '12:00:00', '00:00:00', FALSE),
(0x0300000000000000000000000000000d, 0x02000000000000000000000000000002, 'SATURDAY', '12:00:00', '00:00:00', FALSE),
(0x0300000000000000000000000000000e, 0x02000000000000000000000000000002, 'SUNDAY', '12:00:00', '22:00:00', FALSE);

INSERT INTO restaurant_tables (id, restaurant_id, table_number, capacity, min_capacity, max_capacity, location, table_shape, position_x, position_y, is_active, is_available) VALUES
(0x04000000000000000000000000000001, 0x02000000000000000000000000000001, 'A1', 2, 1, 2, 'INDOOR', 'SQUARE', 1, 1, TRUE, TRUE),
(0x04000000000000000000000000000002, 0x02000000000000000000000000000001, 'A2', 2, 1, 2, 'INDOOR', 'SQUARE', 1, 2, TRUE, TRUE),
(0x04000000000000000000000000000003, 0x02000000000000000000000000000001, 'B1', 4, 2, 4, 'INDOOR', 'ROUND', 2, 1, TRUE, TRUE),
(0x04000000000000000000000000000004, 0x02000000000000000000000000000001, 'B2', 4, 2, 4, 'INDOOR', 'ROUND', 2, 2, TRUE, TRUE),
(0x04000000000000000000000000000005, 0x02000000000000000000000000000001, 'C1', 6, 4, 6, 'INDOOR', 'RECTANGULAR', 3, 1, TRUE, TRUE),
(0x04000000000000000000000000000006, 0x02000000000000000000000000000001, 'VIP1', 8, 6, 8, 'VIP', 'RECTANGULAR', 4, 1, TRUE, TRUE),
(0x04000000000000000000000000000007, 0x02000000000000000000000000000001, 'T1', 4, 2, 4, 'TERRACE', 'ROUND', 5, 1, TRUE, TRUE),
(0x04000000000000000000000000000008, 0x02000000000000000000000000000002, '1', 2, 1, 2, 'INDOOR', 'SQUARE', 1, 1, TRUE, TRUE),
(0x04000000000000000000000000000009, 0x02000000000000000000000000000002, '2', 4, 2, 4, 'INDOOR', 'ROUND', 1, 2, TRUE, TRUE),
(0x0400000000000000000000000000000a, 0x02000000000000000000000000000002, '3', 6, 4, 6, 'INDOOR', 'RECTANGULAR', 2, 1, TRUE, TRUE),
(0x0400000000000000000000000000000b, 0x02000000000000000000000000000002, '4', 8, 6, 8, 'VIP', 'RECTANGULAR', 3, 1, TRUE, TRUE);

INSERT INTO categories (id, restaurant_id, name, description, display_order, is_active) VALUES
(0x05000000000000000000000000000001, 0x02000000000000000000000000000001, 'Страви', 'Перші страви', 1, TRUE),
(0x05000000000000000000000000000002, 0x02000000000000000000000000000001, 'Основні страви', 'Гарячі страви', 2, TRUE),
(0x05000000000000000000000000000003, 0x02000000000000000000000000000001, 'Салати', 'Свіжі салати', 3, TRUE),
(0x05000000000000000000000000000004, 0x02000000000000000000000000000001, 'Десерти', 'Солодощі', 4, TRUE),
(0x05000000000000000000000000000005, 0x02000000000000000000000000000001, 'Напої', 'Напої та коктейлі', 5, TRUE),
(0x05000000000000000000000000000006, 0x02000000000000000000000000000002, 'Закуски', 'Апетайзери та закуски', 1, TRUE),
(0x05000000000000000000000000000007, 0x02000000000000000000000000000002, 'Основні страви', 'Гарячі страви', 2, TRUE),
(0x05000000000000000000000000000008, 0x02000000000000000000000000000002, 'Десерти', 'Солодкі страви', 3, TRUE),
(0x05000000000000000000000000000009, 0x02000000000000000000000000000002, 'Напої', 'Напої та коктейлі', 4, TRUE);

INSERT INTO menu_items (id, restaurant_id, category_id, name, description, price, is_vegetarian, is_gluten_free, spicy_level, preparation_time, is_available, is_popular, display_order) VALUES
(0x06000000000000000000000000000001, 0x02000000000000000000000000000001, 0x05000000000000000000000000000001, 'Борщ', 'Традиційний український борщ зі сметаною', 120.00, FALSE, FALSE, 'NONE', 30, TRUE, TRUE, 1),
(0x06000000000000000000000000000002, 0x02000000000000000000000000000001, 0x05000000000000000000000000000001, 'Уха', 'Рибна юшка з свіжої риби', 150.00, FALSE, FALSE, 'NONE', 25, TRUE, FALSE, 2),
(0x06000000000000000000000000000003, 0x02000000000000000000000000000001, 0x05000000000000000000000000000002, 'Вареники з картоплею', 'Вареники з картоплею та шкварками', 180.00, TRUE, FALSE, 'NONE', 20, TRUE, TRUE, 1),
(0x06000000000000000000000000000004, 0x02000000000000000000000000000001, 0x05000000000000000000000000000002, 'Свинина по-київськи', 'Смажена свинина з овочами', 350.00, FALSE, FALSE, 'NONE', 45, TRUE, TRUE, 2),
(0x06000000000000000000000000000005, 0x02000000000000000000000000000001, 0x05000000000000000000000000000002, 'Курча по- домашньому', 'Запечене курча з травами', 280.00, FALSE, FALSE, 'NONE', 40, TRUE, FALSE, 3),
(0x06000000000000000000000000000006, 0x02000000000000000000000000000001, 0x05000000000000000000000000000003, 'Олів''є', 'Класичний салат олів''є', 120.00, FALSE, FALSE, 'NONE', 10, TRUE, TRUE, 1),
(0x06000000000000000000000000000007, 0x02000000000000000000000000000001, 0x05000000000000000000000000000003, 'Грецький салат', 'Салат з овочами та сиром фета', 150.00, TRUE, TRUE, 'NONE', 10, TRUE, FALSE, 2),
(0x06000000000000000000000000000008, 0x02000000000000000000000000000001, 0x05000000000000000000000000000004, 'Торт Наполеон', 'Класичний торт Наполеон', 200.00, FALSE, FALSE, 'NONE', 5, TRUE, TRUE, 1),
(0x06000000000000000000000000000009, 0x02000000000000000000000000000001, 0x05000000000000000000000000000005, 'Чай чорний', 'Ароматний чорний чай', 30.00, TRUE, TRUE, 'NONE', 5, TRUE, TRUE, 1),
(0x0600000000000000000000000000000a, 0x02000000000000000000000000000001, 0x05000000000000000000000000000005, 'Кава еспресо', 'Кріпка кава еспресо', 50.00, TRUE, TRUE, 'NONE', 5, TRUE, TRUE, 2);

INSERT INTO staff_assignments (id, user_id, restaurant_id, position, is_active, assigned_by) VALUES
(0x07000000000000000000000000000001, 0x01000000000000000000000000000002, 0x02000000000000000000000000000001, 'MANAGER', TRUE, 0x01000000000000000000000000000001),
(0x07000000000000000000000000000002, 0x01000000000000000000000000000003, 0x02000000000000000000000000000001, 'WAITER', TRUE, 0x01000000000000000000000000000002),
(0x07000000000000000000000000000003, 0x01000000000000000000000000000004, 0x02000000000000000000000000000001, 'CHEF', TRUE, 0x01000000000000000000000000000002);