-- V5__seed_large.sql
-- Seed data with correct UUIDs. All passwords: Password123!

SET FOREIGN_KEY_CHECKS=0;

-- USERS: 10 clients + 4 staff
INSERT IGNORE INTO users (id,email,password_hash,first_name,last_name,phone,role,is_email_verified,is_active,auth_provider) VALUES (0x01000000000000000000000000000009,'olga.kovalenko@test.com','$2b$10$X10BpsXM/vdU4GpvgMhl0undiHAPlwOzKMlPQ9rx22w2AyQI1JhhW','Ольга','Коваленко','+380501234571','CLIENT',TRUE,TRUE,'LOCAL');
INSERT IGNORE INTO users (id,email,password_hash,first_name,last_name,phone,role,is_email_verified,is_active,auth_provider) VALUES (0x0100000000000000000000000000000a,'mykhailo.stepanov@test.com','$2b$10$X10BpsXM/vdU4GpvgMhl0undiHAPlwOzKMlPQ9rx22w2AyQI1JhhW','Михайло','Степанов','+380501234572','CLIENT',TRUE,TRUE,'LOCAL');
INSERT IGNORE INTO users (id,email,password_hash,first_name,last_name,phone,role,is_email_verified,is_active,auth_provider) VALUES (0x0100000000000000000000000000000b,'anna.lysenko@test.com','$2b$10$X10BpsXM/vdU4GpvgMhl0undiHAPlwOzKMlPQ9rx22w2AyQI1JhhW','Анна','Лисенко','+380501234573','CLIENT',TRUE,TRUE,'LOCAL');
INSERT IGNORE INTO users (id,email,password_hash,first_name,last_name,phone,role,is_email_verified,is_active,auth_provider) VALUES (0x0100000000000000000000000000000c,'dmytro.petrov@test.com','$2b$10$X10BpsXM/vdU4GpvgMhl0undiHAPlwOzKMlPQ9rx22w2AyQI1JhhW','Дмитро','Петров','+380501234574','CLIENT',TRUE,TRUE,'LOCAL');
INSERT IGNORE INTO users (id,email,password_hash,first_name,last_name,phone,role,is_email_verified,is_active,auth_provider) VALUES (0x0100000000000000000000000000000d,'yuliia.novak@test.com','$2b$10$X10BpsXM/vdU4GpvgMhl0undiHAPlwOzKMlPQ9rx22w2AyQI1JhhW','Юлія','Новак','+380501234575','CLIENT',TRUE,TRUE,'LOCAL');
INSERT IGNORE INTO users (id,email,password_hash,first_name,last_name,phone,role,is_email_verified,is_active,auth_provider) VALUES (0x0100000000000000000000000000000e,'oleksandr.hrytsenko@test.com','$2b$10$X10BpsXM/vdU4GpvgMhl0undiHAPlwOzKMlPQ9rx22w2AyQI1JhhW','Олександр','Гриценко','+380501234576','CLIENT',TRUE,TRUE,'LOCAL');
INSERT IGNORE INTO users (id,email,password_hash,first_name,last_name,phone,role,is_email_verified,is_active,auth_provider) VALUES (0x0100000000000000000000000000000f,'olena.zavialova@test.com','$2b$10$X10BpsXM/vdU4GpvgMhl0undiHAPlwOzKMlPQ9rx22w2AyQI1JhhW','Олена','Завялова','+380501234577','CLIENT',TRUE,TRUE,'LOCAL');
INSERT IGNORE INTO users (id,email,password_hash,first_name,last_name,phone,role,is_email_verified,is_active,auth_provider) VALUES (0x01000000000000000000000000000010,'volodymyr.shevchenko@test.com','$2b$10$X10BpsXM/vdU4GpvgMhl0undiHAPlwOzKMlPQ9rx22w2AyQI1JhhW','Володимир','Шевченко','+380501234578','CLIENT',TRUE,TRUE,'LOCAL');
INSERT IGNORE INTO users (id,email,password_hash,first_name,last_name,phone,role,is_email_verified,is_active,auth_provider) VALUES (0x01000000000000000000000000000011,'iryna.kuznetsova@test.com','$2b$10$X10BpsXM/vdU4GpvgMhl0undiHAPlwOzKMlPQ9rx22w2AyQI1JhhW','Ірина','Кузнецова','+380501234579','CLIENT',TRUE,TRUE,'LOCAL');
INSERT IGNORE INTO users (id,email,password_hash,first_name,last_name,phone,role,is_email_verified,is_active,auth_provider) VALUES (0x01000000000000000000000000000012,'roman.bondarenko@test.com','$2b$10$X10BpsXM/vdU4GpvgMhl0undiHAPlwOzKMlPQ9rx22w2AyQI1JhhW','Роман','Бондаренко','+380501234580','CLIENT',TRUE,TRUE,'LOCAL');
INSERT IGNORE INTO users (id,email,password_hash,first_name,last_name,role,is_email_verified,is_active,auth_provider) VALUES (0x01000000000000000000000000000013,'waiter2@restohub.com','$2b$10$X10BpsXM/vdU4GpvgMhl0undiHAPlwOzKMlPQ9rx22w2AyQI1JhhW','Наталія','Дмитренко','WAITER',TRUE,TRUE,'LOCAL');
INSERT IGNORE INTO users (id,email,password_hash,first_name,last_name,role,is_email_verified,is_active,auth_provider) VALUES (0x01000000000000000000000000000014,'waiter3@restohub.com','$2b$10$X10BpsXM/vdU4GpvgMhl0undiHAPlwOzKMlPQ9rx22w2AyQI1JhhW','Олексій','Козлов','WAITER',TRUE,TRUE,'LOCAL');
INSERT IGNORE INTO users (id,email,password_hash,first_name,last_name,role,is_email_verified,is_active,auth_provider) VALUES (0x01000000000000000000000000000015,'chef2@restohub.com','$2b$10$X10BpsXM/vdU4GpvgMhl0undiHAPlwOzKMlPQ9rx22w2AyQI1JhhW','Павло','Мороз','CHEF',TRUE,TRUE,'LOCAL');
INSERT IGNORE INTO users (id,email,password_hash,first_name,last_name,role,is_email_verified,is_active,auth_provider) VALUES (0x01000000000000000000000000000016,'chef3@restohub.com','$2b$10$X10BpsXM/vdU4GpvgMhl0undiHAPlwOzKMlPQ9rx22w2AyQI1JhhW','Тарас','Сидоренко','CHEF',TRUE,TRUE,'LOCAL');

-- RESERVATIONS FOR SMAK (0x02000000000000000000000000000001)
INSERT IGNORE INTO reservations (id,restaurant_id,user_id,table_id,guest_count,reservation_date,reservation_time,duration,status,confirmation_type,customer_name,customer_phone,customer_email,created_at,updated_at) VALUES (0x09000000000000000000000000000008,0x02000000000000000000000000000001,0x01000000000000000000000000000005,0x04000000000000000000000000000001,2,'2026-03-05','19:00:00',120,'COMPLETED','AUTO','Петро Василенко','+380501234567','client1@test.com',NOW(),NOW());
INSERT IGNORE INTO reservations (id,restaurant_id,user_id,table_id,guest_count,reservation_date,reservation_time,duration,status,confirmation_type,customer_name,customer_phone,customer_email,created_at,updated_at) VALUES (0x09000000000000000000000000000009,0x02000000000000000000000000000001,0x01000000000000000000000000000006,0x04000000000000000000000000000002,2,'2026-03-08','18:00:00',120,'COMPLETED','AUTO','Оксана Сидоренко','+380501234568','client2@test.com',NOW(),NOW());
INSERT IGNORE INTO reservations (id,restaurant_id,user_id,table_id,guest_count,reservation_date,reservation_time,duration,status,confirmation_type,customer_name,customer_phone,customer_email,created_at,updated_at) VALUES (0x0900000000000000000000000000000a,0x02000000000000000000000000000001,0x01000000000000000000000000000009,0x04000000000000000000000000000003,4,'2026-03-10','19:30:00',120,'COMPLETED','AUTO','Ольга Коваленко','+380501234571','olga.kovalenko@test.com',NOW(),NOW());
INSERT IGNORE INTO reservations (id,restaurant_id,user_id,table_id,guest_count,reservation_date,reservation_time,duration,status,confirmation_type,customer_name,customer_phone,customer_email,created_at,updated_at) VALUES (0x0900000000000000000000000000000b,0x02000000000000000000000000000001,0x0100000000000000000000000000000a,0x04000000000000000000000000000004,4,'2026-03-12','20:00:00',120,'COMPLETED','MANUAL','Михайло Степанов','+380501234572','mykhailo.stepanov@test.com',NOW(),NOW());
INSERT IGNORE INTO reservations (id,restaurant_id,user_id,table_id,guest_count,reservation_date,reservation_time,duration,status,confirmation_type,customer_name,customer_phone,customer_email,created_at,updated_at) VALUES (0x0900000000000000000000000000000c,0x02000000000000000000000000000001,0x0100000000000000000000000000000b,0x04000000000000000000000000000005,6,'2026-03-15','19:00:00',180,'COMPLETED','MANUAL','Анна Лисенко','+380501234573','anna.lysenko@test.com',NOW(),NOW());
INSERT IGNORE INTO reservations (id,restaurant_id,user_id,table_id,guest_count,reservation_date,reservation_time,duration,status,confirmation_type,customer_name,customer_phone,customer_email,created_at,updated_at) VALUES (0x0900000000000000000000000000000d,0x02000000000000000000000000000001,0x0100000000000000000000000000000c,0x04000000000000000000000000000006,4,'2026-03-18','18:30:00',120,'CANCELLED','AUTO','Дмитро Петров','+380501234574','dmytro.petrov@test.com',NOW(),NOW());
INSERT IGNORE INTO reservations (id,restaurant_id,user_id,table_id,guest_count,reservation_date,reservation_time,duration,status,confirmation_type,customer_name,customer_phone,customer_email,created_at,updated_at) VALUES (0x0900000000000000000000000000000e,0x02000000000000000000000000000001,0x0100000000000000000000000000000f,0x04000000000000000000000000000001,2,'2026-03-20','19:00:00',120,'COMPLETED','AUTO','Олена Завялова','+380501234577','olena.zavialova@test.com',NOW(),NOW());
INSERT IGNORE INTO reservations (id,restaurant_id,user_id,table_id,guest_count,reservation_date,reservation_time,duration,status,confirmation_type,customer_name,customer_phone,customer_email,created_at,updated_at) VALUES (0x0900000000000000000000000000000f,0x02000000000000000000000000000001,0x01000000000000000000000000000010,0x04000000000000000000000000000007,4,'2026-03-22','20:00:00',120,'NO_SHOW','AUTO','Володимир Шевченко','+380501234578','volodymyr.shevchenko@test.com',NOW(),NOW());
INSERT IGNORE INTO reservations (id,restaurant_id,user_id,table_id,guest_count,reservation_date,reservation_time,duration,status,confirmation_type,customer_name,customer_phone,customer_email,created_at,updated_at) VALUES (0x09000000000000000000000000000010,0x02000000000000000000000000000001,0x01000000000000000000000000000011,0x04000000000000000000000000000002,2,'2026-03-25','18:00:00',120,'COMPLETED','AUTO','Ірина Кузнецова','+380501234579','iryna.kuznetsova@test.com',NOW(),NOW());
INSERT IGNORE INTO reservations (id,restaurant_id,user_id,table_id,guest_count,reservation_date,reservation_time,duration,status,confirmation_type,customer_name,customer_phone,customer_email,created_at,updated_at) VALUES (0x09000000000000000000000000000011,0x02000000000000000000000000000001,0x01000000000000000000000000000012,0x04000000000000000000000000000003,4,'2026-03-28','19:30:00',120,'COMPLETED','AUTO','Роман Бондаренко','+380501234580','roman.bondarenko@test.com',NOW(),NOW());
INSERT IGNORE INTO reservations (id,restaurant_id,user_id,table_id,guest_count,reservation_date,reservation_time,duration,status,confirmation_type,customer_name,customer_phone,customer_email,created_at,updated_at) VALUES (0x09000000000000000000000000000012,0x02000000000000000000000000000001,0x01000000000000000000000000000005,0x04000000000000000000000000000004,2,'2026-04-16','12:00:00',120,'CONFIRMED','AUTO','Петро Василенко','+380501234567','client1@test.com',NOW(),NOW());
INSERT IGNORE INTO reservations (id,restaurant_id,user_id,table_id,guest_count,reservation_date,reservation_time,duration,status,confirmation_type,customer_name,customer_phone,customer_email,created_at,updated_at) VALUES (0x09000000000000000000000000000013,0x02000000000000000000000000000001,0x01000000000000000000000000000006,0x04000000000000000000000000000001,2,'2026-04-17','19:00:00',120,'PENDING','AUTO','Оксана Сидоренко','+380501234568','client2@test.com',NOW(),NOW());
INSERT IGNORE INTO reservations (id,restaurant_id,user_id,table_id,guest_count,reservation_date,reservation_time,duration,status,confirmation_type,customer_name,customer_phone,customer_email,created_at,updated_at) VALUES (0x09000000000000000000000000000014,0x02000000000000000000000000000001,0x01000000000000000000000000000009,0x04000000000000000000000000000002,2,'2026-04-18','18:00:00',120,'PENDING','AUTO','Ольга Коваленко','+380501234571','olga.kovalenko@test.com',NOW(),NOW());
INSERT IGNORE INTO reservations (id,restaurant_id,user_id,table_id,guest_count,reservation_date,reservation_time,duration,status,confirmation_type,customer_name,customer_phone,customer_email,created_at,updated_at) VALUES (0x09000000000000000000000000000015,0x02000000000000000000000000000001,0x0100000000000000000000000000000a,0x04000000000000000000000000000003,4,'2026-04-19','19:30:00',120,'PENDING','AUTO','Михайло Степанов','+380501234572','mykhailo.stepanov@test.com',NOW(),NOW());
INSERT IGNORE INTO reservations (id,restaurant_id,user_id,table_id,guest_count,reservation_date,reservation_time,duration,status,confirmation_type,customer_name,customer_phone,customer_email,created_at,updated_at) VALUES (0x09000000000000000000000000000016,0x02000000000000000000000000000001,0x0100000000000000000000000000000b,0x04000000000000000000000000000005,6,'2026-04-20','18:00:00',180,'PENDING','MANUAL','Анна Лисенко','+380501234573','anna.lysenko@test.com',NOW(),NOW());
INSERT IGNORE INTO reservations (id,restaurant_id,user_id,table_id,guest_count,reservation_date,reservation_time,duration,status,confirmation_type,customer_name,customer_phone,customer_email,created_at,updated_at) VALUES (0x09000000000000000000000000000017,0x02000000000000000000000000000001,0x0100000000000000000000000000000c,0x04000000000000000000000000000004,4,'2026-04-21','19:00:00',120,'CONFIRMED','AUTO','Дмитро Петров','+380501234574','dmytro.petrov@test.com',NOW(),NOW());
INSERT IGNORE INTO reservations (id,restaurant_id,user_id,table_id,guest_count,reservation_date,reservation_time,duration,status,confirmation_type,customer_name,customer_phone,customer_email,created_at,updated_at) VALUES (0x09000000000000000000000000000018,0x02000000000000000000000000000001,0x0100000000000000000000000000000d,0x04000000000000000000000000000006,8,'2026-04-22','20:00:00',180,'PENDING','MANUAL','Юлія Новак','+380501234575','yuliia.novak@test.com',NOW(),NOW());
INSERT IGNORE INTO reservations (id,restaurant_id,user_id,table_id,guest_count,reservation_date,reservation_time,duration,status,confirmation_type,customer_name,customer_phone,customer_email,created_at,updated_at) VALUES (0x09000000000000000000000000000019,0x02000000000000000000000000000001,0x0100000000000000000000000000000e,0x04000000000000000000000000000007,4,'2026-04-23','18:30:00',120,'CONFIRMED','AUTO','Олександр Гриценко','+380501234576','oleksandr.hrytsenko@test.com',NOW(),NOW());
INSERT IGNORE INTO reservations (id,restaurant_id,user_id,table_id,guest_count,reservation_date,reservation_time,duration,status,confirmation_type,customer_name,customer_phone,customer_email,created_at,updated_at) VALUES (0x0900000000000000000000000000001a,0x02000000000000000000000000000001,0x0100000000000000000000000000000f,0x04000000000000000000000000000001,2,'2026-04-24','19:00:00',120,'PENDING','AUTO','Олена Завялова','+380501234577','olena.zavialova@test.com',NOW(),NOW());
INSERT IGNORE INTO reservations (id,restaurant_id,user_id,table_id,guest_count,reservation_date,reservation_time,duration,status,confirmation_type,customer_name,customer_phone,customer_email,created_at,updated_at) VALUES (0x0900000000000000000000000000001b,0x02000000000000000000000000000001,0x01000000000000000000000000000010,0x04000000000000000000000000000002,2,'2026-04-25','20:00:00',120,'CONFIRMED','AUTO','Володимир Шевченко','+380501234578','volodymyr.shevchenko@test.com',NOW(),NOW());

-- RESERVATIONS FOR MRIYA (0x02000000000000000000000000000002)
INSERT IGNORE INTO reservations (id,restaurant_id,user_id,table_id,guest_count,reservation_date,reservation_time,duration,status,confirmation_type,customer_name,customer_phone,customer_email,created_at,updated_at) VALUES (0x0900000000000000000000000000001c,0x02000000000000000000000000000002,0x01000000000000000000000000000009,0x04000000000000000000000000000008,4,'2026-03-06','19:00:00',120,'COMPLETED','MANUAL','Ольга Коваленко','+380501234571','olga.kovalenko@test.com',NOW(),NOW());
INSERT IGNORE INTO reservations (id,restaurant_id,user_id,table_id,guest_count,reservation_date,reservation_time,duration,status,confirmation_type,customer_name,customer_phone,customer_email,created_at,updated_at) VALUES (0x0900000000000000000000000000001d,0x02000000000000000000000000000002,0x0100000000000000000000000000000a,0x04000000000000000000000000000009,2,'2026-03-09','18:00:00',120,'COMPLETED','AUTO','Михайло Степанов','+380501234572','mykhailo.stepanov@test.com',NOW(),NOW());
INSERT IGNORE INTO reservations (id,restaurant_id,user_id,table_id,guest_count,reservation_date,reservation_time,duration,status,confirmation_type,customer_name,customer_phone,customer_email,created_at,updated_at) VALUES (0x0900000000000000000000000000001e,0x02000000000000000000000000000002,0x0100000000000000000000000000000b,0x0400000000000000000000000000000a,6,'2026-03-11','19:30:00',180,'COMPLETED','MANUAL','Анна Лисенко','+380501234573','anna.lysenko@test.com',NOW(),NOW());
INSERT IGNORE INTO reservations (id,restaurant_id,user_id,table_id,guest_count,reservation_date,reservation_time,duration,status,confirmation_type,customer_name,customer_phone,customer_email,created_at,updated_at) VALUES (0x0900000000000000000000000000001f,0x02000000000000000000000000000002,0x0100000000000000000000000000000c,0x0400000000000000000000000000000b,4,'2026-03-13','20:00:00',120,'COMPLETED','AUTO','Дмитро Петров','+380501234574','dmytro.petrov@test.com',NOW(),NOW());
INSERT IGNORE INTO reservations (id,restaurant_id,user_id,table_id,guest_count,reservation_date,reservation_time,duration,status,confirmation_type,customer_name,customer_phone,customer_email,created_at,updated_at) VALUES (0x09000000000000000000000000000020,0x02000000000000000000000000000002,0x0100000000000000000000000000000d,0x0400000000000000000000000000000c,2,'2026-03-16','18:30:00',120,'CANCELLED','AUTO','Юлія Новак','+380501234575','yuliia.novak@test.com',NOW(),NOW());
INSERT IGNORE INTO reservations (id,restaurant_id,user_id,table_id,guest_count,reservation_date,reservation_time,duration,status,confirmation_type,customer_name,customer_phone,customer_email,created_at,updated_at) VALUES (0x09000000000000000000000000000021,0x02000000000000000000000000000002,0x0100000000000000000000000000000e,0x04000000000000000000000000000009,2,'2026-03-19','19:00:00',120,'COMPLETED','AUTO','Олександр Гриценко','+380501234576','oleksandr.hrytsenko@test.com',NOW(),NOW());
INSERT IGNORE INTO reservations (id,restaurant_id,user_id,table_id,guest_count,reservation_date,reservation_time,duration,status,confirmation_type,customer_name,customer_phone,customer_email,created_at,updated_at) VALUES (0x09000000000000000000000000000022,0x02000000000000000000000000000002,0x0100000000000000000000000000000f,0x0400000000000000000000000000000b,4,'2026-03-21','18:00:00',120,'NO_SHOW','AUTO','Олена Завялова','+380501234577','olena.zavialova@test.com',NOW(),NOW());
INSERT IGNORE INTO reservations (id,restaurant_id,user_id,table_id,guest_count,reservation_date,reservation_time,duration,status,confirmation_type,customer_name,customer_phone,customer_email,created_at,updated_at) VALUES (0x09000000000000000000000000000023,0x02000000000000000000000000000002,0x01000000000000000000000000000010,0x04000000000000000000000000000008,2,'2026-03-23','20:00:00',120,'COMPLETED','AUTO','Володимир Шевченко','+380501234578','volodymyr.shevchenko@test.com',NOW(),NOW());
INSERT IGNORE INTO reservations (id,restaurant_id,user_id,table_id,guest_count,reservation_date,reservation_time,duration,status,confirmation_type,customer_name,customer_phone,customer_email,created_at,updated_at) VALUES (0x09000000000000000000000000000024,0x02000000000000000000000000000002,0x01000000000000000000000000000011,0x0400000000000000000000000000000b,4,'2026-03-26','19:00:00',120,'COMPLETED','MANUAL','Ірина Кузнецова','+380501234579','iryna.kuznetsova@test.com',NOW(),NOW());
INSERT IGNORE INTO reservations (id,restaurant_id,user_id,table_id,guest_count,reservation_date,reservation_time,duration,status,confirmation_type,customer_name,customer_phone,customer_email,created_at,updated_at) VALUES (0x09000000000000000000000000000025,0x02000000000000000000000000000002,0x01000000000000000000000000000012,0x04000000000000000000000000000009,2,'2026-03-29','19:30:00',120,'COMPLETED','AUTO','Роман Бондаренко','+380501234580','roman.bondarenko@test.com',NOW(),NOW());
INSERT IGNORE INTO reservations (id,restaurant_id,user_id,table_id,guest_count,reservation_date,reservation_time,duration,status,confirmation_type,customer_name,customer_phone,customer_email,created_at,updated_at) VALUES (0x09000000000000000000000000000026,0x02000000000000000000000000000002,0x01000000000000000000000000000005,0x04000000000000000000000000000009,2,'2026-04-16','12:00:00',120,'CONFIRMED','AUTO','Петро Василенко','+380501234567','client1@test.com',NOW(),NOW());
INSERT IGNORE INTO reservations (id,restaurant_id,user_id,table_id,guest_count,reservation_date,reservation_time,duration,status,confirmation_type,customer_name,customer_phone,customer_email,created_at,updated_at) VALUES (0x09000000000000000000000000000027,0x02000000000000000000000000000002,0x01000000000000000000000000000006,0x04000000000000000000000000000008,4,'2026-04-17','19:00:00',120,'PENDING','MANUAL','Оксана Сидоренко','+380501234568','client2@test.com',NOW(),NOW());
INSERT IGNORE INTO reservations (id,restaurant_id,user_id,table_id,guest_count,reservation_date,reservation_time,duration,status,confirmation_type,customer_name,customer_phone,customer_email,created_at,updated_at) VALUES (0x09000000000000000000000000000028,0x02000000000000000000000000000002,0x01000000000000000000000000000009,0x0400000000000000000000000000000b,6,'2026-04-19','18:00:00',180,'CONFIRMED','MANUAL','Ольга Коваленко','+380501234571','olga.kovalenko@test.com',NOW(),NOW());
INSERT IGNORE INTO reservations (id,restaurant_id,user_id,table_id,guest_count,reservation_date,reservation_time,duration,status,confirmation_type,customer_name,customer_phone,customer_email,created_at,updated_at) VALUES (0x09000000000000000000000000000029,0x02000000000000000000000000000002,0x0100000000000000000000000000000a,0x0400000000000000000000000000000c,2,'2026-04-20','19:30:00',120,'PENDING','AUTO','Михайло Степанов','+380501234572','mykhailo.stepanov@test.com',NOW(),NOW());
INSERT IGNORE INTO reservations (id,restaurant_id,user_id,table_id,guest_count,reservation_date,reservation_time,duration,status,confirmation_type,customer_name,customer_phone,customer_email,created_at,updated_at) VALUES (0x0900000000000000000000000000002a,0x02000000000000000000000000000002,0x0100000000000000000000000000000b,0x0400000000000000000000000000000a,8,'2026-04-21','20:00:00',180,'CONFIRMED','MANUAL','Анна Лисенко','+380501234573','anna.lysenko@test.com',NOW(),NOW());

-- ORDERS FOR SMAK
INSERT IGNORE INTO orders (id,restaurant_id,reservation_id,table_id,user_id,order_number,order_type,status,total_amount,created_by,created_at,updated_at,completed_at) VALUES (0x0a000000000000000000000000000004,0x02000000000000000000000000000001,0x09000000000000000000000000000008,0x04000000000000000000000000000001,0x01000000000000000000000000000005,'ORD-20260305-0001','PRE_ORDER','COMPLETED',380.0,0x01000000000000000000000000000005,'2026-03-05 18:45:00','2026-03-05 21:00:00','2026-03-05 21:00:00');
INSERT IGNORE INTO orders (id,restaurant_id,reservation_id,table_id,user_id,order_number,order_type,status,total_amount,created_by,created_at,updated_at,completed_at) VALUES (0x0a000000000000000000000000000005,0x02000000000000000000000000000001,0x09000000000000000000000000000009,0x04000000000000000000000000000002,0x01000000000000000000000000000006,'ORD-20260308-0001','PRE_ORDER','COMPLETED',290.0,0x01000000000000000000000000000006,'2026-03-08 17:50:00','2026-03-08 19:30:00','2026-03-08 19:30:00');
INSERT IGNORE INTO orders (id,restaurant_id,reservation_id,table_id,user_id,order_number,order_type,status,total_amount,created_by,created_at,updated_at,completed_at) VALUES (0x0a000000000000000000000000000006,0x02000000000000000000000000000001,0x0900000000000000000000000000000a,0x04000000000000000000000000000003,0x0100000000000000000000000000000a,'ORD-20260310-0001','PRE_ORDER','COMPLETED',540.0,0x0100000000000000000000000000000a,'2026-03-10 19:00:00','2026-03-10 21:30:00','2026-03-10 21:30:00');
INSERT IGNORE INTO orders (id,restaurant_id,reservation_id,table_id,user_id,order_number,order_type,status,total_amount,created_by,created_at,updated_at,completed_at) VALUES (0x0a000000000000000000000000000007,0x02000000000000000000000000000001,0x0900000000000000000000000000000b,0x04000000000000000000000000000004,0x0100000000000000000000000000000c,'ORD-20260312-0001','PRE_ORDER','COMPLETED',720.0,0x0100000000000000000000000000000c,'2026-03-12 19:45:00','2026-03-12 22:00:00','2026-03-12 22:00:00');
INSERT IGNORE INTO orders (id,restaurant_id,reservation_id,table_id,user_id,order_number,order_type,status,total_amount,created_by,created_at,updated_at,completed_at) VALUES (0x0a000000000000000000000000000008,0x02000000000000000000000000000001,0x0900000000000000000000000000000c,0x04000000000000000000000000000005,0x0100000000000000000000000000000d,'ORD-20260315-0001','PRE_ORDER','COMPLETED',890.0,0x0100000000000000000000000000000d,'2026-03-15 18:30:00','2026-03-15 21:30:00','2026-03-15 21:30:00');
INSERT IGNORE INTO orders (id,restaurant_id,reservation_id,table_id,user_id,order_number,order_type,status,total_amount,created_by,created_at,updated_at,completed_at) VALUES (0x0a000000000000000000000000000009,0x02000000000000000000000000000001,0x0900000000000000000000000000000e,0x04000000000000000000000000000001,0x0100000000000000000000000000000f,'ORD-20260320-0001','PRE_ORDER','COMPLETED',310.0,0x0100000000000000000000000000000f,'2026-03-20 18:45:00','2026-03-20 20:30:00','2026-03-20 20:30:00');
INSERT IGNORE INTO orders (id,restaurant_id,reservation_id,table_id,user_id,order_number,order_type,status,total_amount,created_by,created_at,updated_at,completed_at) VALUES (0x0a00000000000000000000000000000a,0x02000000000000000000000000000001,0x09000000000000000000000000000010,0x04000000000000000000000000000002,0x01000000000000000000000000000011,'ORD-20260325-0001','PRE_ORDER','COMPLETED',255.0,0x01000000000000000000000000000011,'2026-03-25 17:45:00','2026-03-25 19:15:00','2026-03-25 19:15:00');
INSERT IGNORE INTO orders (id,restaurant_id,reservation_id,table_id,user_id,order_number,order_type,status,total_amount,created_by,created_at,updated_at,completed_at) VALUES (0x0a00000000000000000000000000000b,0x02000000000000000000000000000001,0x09000000000000000000000000000011,0x04000000000000000000000000000003,0x01000000000000000000000000000012,'ORD-20260328-0001','PRE_ORDER','COMPLETED',480.0,0x01000000000000000000000000000012,'2026-03-28 19:00:00','2026-03-28 21:00:00','2026-03-28 21:00:00');
INSERT IGNORE INTO orders (id,restaurant_id,reservation_id,table_id,user_id,order_number,order_type,status,total_amount,created_by,created_at,updated_at,completed_at) VALUES (0x0a00000000000000000000000000000c,0x02000000000000000000000000000001,0x09000000000000000000000000000012,0x04000000000000000000000000000004,0x01000000000000000000000000000005,'ORD-20260416-0001','PRE_ORDER','COMPLETED',350.0,0x01000000000000000000000000000005,'2026-04-16 11:45:00','2026-04-16 13:30:00','2026-04-16 13:30:00');
INSERT IGNORE INTO orders (id,restaurant_id,reservation_id,table_id,user_id,order_number,order_type,status,total_amount,created_by,created_at,updated_at,completed_at) VALUES (0x0a00000000000000000000000000000d,0x02000000000000000000000000000001,0x09000000000000000000000000000017,0x04000000000000000000000000000004,0x0100000000000000000000000000000c,'ORD-20260421-0001','PRE_ORDER','COMPLETED',500.0,0x0100000000000000000000000000000c,'2026-04-21 18:45:00','2026-04-21 21:00:00','2026-04-21 21:00:00');

-- ORDERS FOR MRIYA
INSERT IGNORE INTO orders (id,restaurant_id,reservation_id,table_id,user_id,order_number,order_type,status,total_amount,created_by,created_at,updated_at,completed_at) VALUES (0x0a00000000000000000000000000000e,0x02000000000000000000000000000002,0x0900000000000000000000000000001c,0x04000000000000000000000000000008,0x01000000000000000000000000000009,'ORD-20260306-0001','PRE_ORDER','COMPLETED',890.0,0x01000000000000000000000000000009,'2026-03-06 18:30:00','2026-03-06 21:30:00','2026-03-06 21:30:00');
INSERT IGNORE INTO orders (id,restaurant_id,reservation_id,table_id,user_id,order_number,order_type,status,total_amount,created_by,created_at,updated_at,completed_at) VALUES (0x0a00000000000000000000000000000f,0x02000000000000000000000000000002,0x0900000000000000000000000000001d,0x04000000000000000000000000000009,0x0100000000000000000000000000000a,'ORD-20260309-0001','PRE_ORDER','COMPLETED',420.0,0x0100000000000000000000000000000a,'2026-03-09 17:30:00','2026-03-09 19:15:00','2026-03-09 19:15:00');
INSERT IGNORE INTO orders (id,restaurant_id,reservation_id,table_id,user_id,order_number,order_type,status,total_amount,created_by,created_at,updated_at,completed_at) VALUES (0x0a000000000000000000000000000010,0x02000000000000000000000000000002,0x0900000000000000000000000000001e,0x0400000000000000000000000000000a,0x0100000000000000000000000000000b,'ORD-20260311-0001','PRE_ORDER','COMPLETED',1120.0,0x0100000000000000000000000000000b,'2026-03-11 18:45:00','2026-03-11 21:30:00','2026-03-11 21:30:00');
INSERT IGNORE INTO orders (id,restaurant_id,reservation_id,table_id,user_id,order_number,order_type,status,total_amount,created_by,created_at,updated_at,completed_at) VALUES (0x0a000000000000000000000000000011,0x02000000000000000000000000000002,0x0900000000000000000000000000001f,0x0400000000000000000000000000000b,0x0100000000000000000000000000000c,'ORD-20260313-0001','PRE_ORDER','COMPLETED',780.0,0x0100000000000000000000000000000c,'2026-03-13 19:00:00','2026-03-13 21:00:00','2026-03-13 21:00:00');
INSERT IGNORE INTO orders (id,restaurant_id,reservation_id,table_id,user_id,order_number,order_type,status,total_amount,created_by,created_at,updated_at,completed_at) VALUES (0x0a000000000000000000000000000012,0x02000000000000000000000000000002,0x09000000000000000000000000000021,0x04000000000000000000000000000009,0x0100000000000000000000000000000e,'ORD-20260319-0001','PRE_ORDER','COMPLETED',365.0,0x0100000000000000000000000000000e,'2026-03-19 18:30:00','2026-03-19 20:00:00','2026-03-19 20:00:00');
INSERT IGNORE INTO orders (id,restaurant_id,reservation_id,table_id,user_id,order_number,order_type,status,total_amount,created_by,created_at,updated_at,completed_at) VALUES (0x0a000000000000000000000000000013,0x02000000000000000000000000000002,0x09000000000000000000000000000023,0x04000000000000000000000000000008,0x01000000000000000000000000000010,'ORD-20260323-0001','PRE_ORDER','COMPLETED',540.0,0x01000000000000000000000000000010,'2026-03-23 19:30:00','2026-03-23 21:15:00','2026-03-23 21:15:00');
INSERT IGNORE INTO orders (id,restaurant_id,reservation_id,table_id,user_id,order_number,order_type,status,total_amount,created_by,created_at,updated_at,completed_at) VALUES (0x0a000000000000000000000000000014,0x02000000000000000000000000000002,0x09000000000000000000000000000024,0x0400000000000000000000000000000b,0x01000000000000000000000000000011,'ORD-20260326-0001','PRE_ORDER','COMPLETED',920.0,0x01000000000000000000000000000011,'2026-03-26 18:45:00','2026-03-26 21:00:00','2026-03-26 21:00:00');
INSERT IGNORE INTO orders (id,restaurant_id,reservation_id,table_id,user_id,order_number,order_type,status,total_amount,created_by,created_at,updated_at,completed_at) VALUES (0x0a000000000000000000000000000015,0x02000000000000000000000000000002,0x09000000000000000000000000000025,0x04000000000000000000000000000009,0x01000000000000000000000000000012,'ORD-20260329-0001','PRE_ORDER','COMPLETED',480.0,0x01000000000000000000000000000012,'2026-03-29 19:00:00','2026-03-29 21:00:00','2026-03-29 21:00:00');
INSERT IGNORE INTO orders (id,restaurant_id,reservation_id,table_id,user_id,order_number,order_type,status,total_amount,created_by,created_at,updated_at,completed_at) VALUES (0x0a000000000000000000000000000016,0x02000000000000000000000000000002,0x09000000000000000000000000000026,0x04000000000000000000000000000009,0x01000000000000000000000000000005,'ORD-20260416-0002','PRE_ORDER','COMPLETED',560.0,0x01000000000000000000000000000005,'2026-04-16 11:45:00','2026-04-16 13:30:00','2026-04-16 13:30:00');
INSERT IGNORE INTO orders (id,restaurant_id,reservation_id,table_id,user_id,order_number,order_type,status,total_amount,created_by,created_at,updated_at,completed_at) VALUES (0x0a000000000000000000000000000017,0x02000000000000000000000000000002,0x09000000000000000000000000000028,0x0400000000000000000000000000000b,0x01000000000000000000000000000009,'ORD-20260419-0001','PRE_ORDER','COMPLETED',1200.0,0x01000000000000000000000000000009,'2026-04-19 17:45:00','2026-04-19 21:00:00','2026-04-19 21:00:00');

-- ORDER ITEMS FOR SMAK ORDERS
INSERT IGNORE INTO order_items (id,order_id,menu_item_id,quantity,price,subtotal,status,created_at,updated_at) VALUES (0x0b000000000000000000000000000020,0x0a000000000000000000000000000004,0x06000000000000000000000000000001,2,120.0,240.0,'SERVED',NOW(),NOW());
INSERT IGNORE INTO order_items (id,order_id,menu_item_id,quantity,price,subtotal,status,created_at,updated_at) VALUES (0x0b000000000000000000000000000021,0x0a000000000000000000000000000004,0x06000000000000000000000000000003,1,180.0,180.0,'SERVED',NOW(),NOW());
INSERT IGNORE INTO order_items (id,order_id,menu_item_id,quantity,price,subtotal,status,created_at,updated_at) VALUES (0x0b000000000000000000000000000022,0x0a000000000000000000000000000005,0x06000000000000000000000000000001,1,120.0,120.0,'SERVED',NOW(),NOW());
INSERT IGNORE INTO order_items (id,order_id,menu_item_id,quantity,price,subtotal,status,created_at,updated_at) VALUES (0x0b000000000000000000000000000023,0x0a000000000000000000000000000005,0x06000000000000000000000000000006,1,120.0,120.0,'SERVED',NOW(),NOW());
INSERT IGNORE INTO order_items (id,order_id,menu_item_id,quantity,price,subtotal,status,created_at,updated_at) VALUES (0x0b000000000000000000000000000024,0x0a000000000000000000000000000005,0x06000000000000000000000000000009,1,30.0,30.0,'SERVED',NOW(),NOW());
INSERT IGNORE INTO order_items (id,order_id,menu_item_id,quantity,price,subtotal,status,created_at,updated_at) VALUES (0x0b000000000000000000000000000025,0x0a000000000000000000000000000006,0x06000000000000000000000000000001,2,120.0,240.0,'SERVED',NOW(),NOW());
INSERT IGNORE INTO order_items (id,order_id,menu_item_id,quantity,price,subtotal,status,created_at,updated_at) VALUES (0x0b000000000000000000000000000026,0x0a000000000000000000000000000006,0x06000000000000000000000000000004,1,350.0,350.0,'SERVED',NOW(),NOW());
INSERT IGNORE INTO order_items (id,order_id,menu_item_id,quantity,price,subtotal,status,created_at,updated_at) VALUES (0x0b000000000000000000000000000027,0x0a000000000000000000000000000007,0x06000000000000000000000000000004,1,350.0,350.0,'SERVED',NOW(),NOW());
INSERT IGNORE INTO order_items (id,order_id,menu_item_id,quantity,price,subtotal,status,created_at,updated_at) VALUES (0x0b000000000000000000000000000028,0x0a000000000000000000000000000007,0x06000000000000000000000000000003,1,180.0,180.0,'SERVED',NOW(),NOW());
INSERT IGNORE INTO order_items (id,order_id,menu_item_id,quantity,price,subtotal,status,created_at,updated_at) VALUES (0x0b000000000000000000000000000029,0x0a000000000000000000000000000007,0x06000000000000000000000000000008,1,200.0,200.0,'SERVED',NOW(),NOW());
INSERT IGNORE INTO order_items (id,order_id,menu_item_id,quantity,price,subtotal,status,created_at,updated_at) VALUES (0x0b00000000000000000000000000002a,0x0a000000000000000000000000000008,0x06000000000000000000000000000001,2,120.0,240.0,'SERVED',NOW(),NOW());
INSERT IGNORE INTO order_items (id,order_id,menu_item_id,quantity,price,subtotal,status,created_at,updated_at) VALUES (0x0b00000000000000000000000000002b,0x0a000000000000000000000000000008,0x06000000000000000000000000000004,1,350.0,350.0,'SERVED',NOW(),NOW());
INSERT IGNORE INTO order_items (id,order_id,menu_item_id,quantity,price,subtotal,status,created_at,updated_at) VALUES (0x0b00000000000000000000000000002c,0x0a000000000000000000000000000008,0x06000000000000000000000000000005,1,280.0,280.0,'SERVED',NOW(),NOW());
INSERT IGNORE INTO order_items (id,order_id,menu_item_id,quantity,price,subtotal,status,created_at,updated_at) VALUES (0x0b00000000000000000000000000002d,0x0a000000000000000000000000000008,0x06000000000000000000000000000009,2,30.0,60.0,'SERVED',NOW(),NOW());
INSERT IGNORE INTO order_items (id,order_id,menu_item_id,quantity,price,subtotal,status,created_at,updated_at) VALUES (0x0b00000000000000000000000000002e,0x0a000000000000000000000000000009,0x06000000000000000000000000000001,1,120.0,120.0,'SERVED',NOW(),NOW());
INSERT IGNORE INTO order_items (id,order_id,menu_item_id,quantity,price,subtotal,status,created_at,updated_at) VALUES (0x0b00000000000000000000000000002f,0x0a000000000000000000000000000009,0x06000000000000000000000000000006,1,120.0,120.0,'SERVED',NOW(),NOW());
INSERT IGNORE INTO order_items (id,order_id,menu_item_id,quantity,price,subtotal,status,created_at,updated_at) VALUES (0x0b000000000000000000000000000030,0x0a000000000000000000000000000009,0x06000000000000000000000000000009,2,30.0,60.0,'SERVED',NOW(),NOW());
INSERT IGNORE INTO order_items (id,order_id,menu_item_id,quantity,price,subtotal,status,created_at,updated_at) VALUES (0x0b000000000000000000000000000031,0x0a00000000000000000000000000000a,0x06000000000000000000000000000001,1,120.0,120.0,'SERVED',NOW(),NOW());
INSERT IGNORE INTO order_items (id,order_id,menu_item_id,quantity,price,subtotal,status,created_at,updated_at) VALUES (0x0b000000000000000000000000000032,0x0a00000000000000000000000000000a,0x06000000000000000000000000000007,1,150.0,150.0,'SERVED',NOW(),NOW());
INSERT IGNORE INTO order_items (id,order_id,menu_item_id,quantity,price,subtotal,status,created_at,updated_at) VALUES (0x0b000000000000000000000000000033,0x0a00000000000000000000000000000b,0x06000000000000000000000000000001,2,120.0,240.0,'SERVED',NOW(),NOW());
INSERT IGNORE INTO order_items (id,order_id,menu_item_id,quantity,price,subtotal,status,created_at,updated_at) VALUES (0x0b000000000000000000000000000034,0x0a00000000000000000000000000000b,0x06000000000000000000000000000004,1,350.0,350.0,'SERVED',NOW(),NOW());
INSERT IGNORE INTO order_items (id,order_id,menu_item_id,quantity,price,subtotal,status,created_at,updated_at) VALUES (0x0b000000000000000000000000000035,0x0a00000000000000000000000000000c,0x06000000000000000000000000000003,1,180.0,180.0,'SERVED',NOW(),NOW());
INSERT IGNORE INTO order_items (id,order_id,menu_item_id,quantity,price,subtotal,status,created_at,updated_at) VALUES (0x0b000000000000000000000000000036,0x0a00000000000000000000000000000c,0x06000000000000000000000000000006,1,120.0,120.0,'SERVED',NOW(),NOW());
INSERT IGNORE INTO order_items (id,order_id,menu_item_id,quantity,price,subtotal,status,created_at,updated_at) VALUES (0x0b000000000000000000000000000037,0x0a00000000000000000000000000000d,0x06000000000000000000000000000004,1,350.0,350.0,'SERVED',NOW(),NOW());
INSERT IGNORE INTO order_items (id,order_id,menu_item_id,quantity,price,subtotal,status,created_at,updated_at) VALUES (0x0b000000000000000000000000000038,0x0a00000000000000000000000000000d,0x06000000000000000000000000000006,1,120.0,120.0,'SERVED',NOW(),NOW());

-- ORDER ITEMS FOR MRIYA ORDERS
INSERT IGNORE INTO order_items (id,order_id,menu_item_id,quantity,price,subtotal,status,created_at,updated_at) VALUES (0x0b000000000000000000000000000039,0x0a00000000000000000000000000000e,0x06000000000000000000000000000018,1,520.0,520.0,'SERVED',NOW(),NOW());
INSERT IGNORE INTO order_items (id,order_id,menu_item_id,quantity,price,subtotal,status,created_at,updated_at) VALUES (0x0b00000000000000000000000000003a,0x0a00000000000000000000000000000e,0x06000000000000000000000000000019,1,480.0,480.0,'SERVED',NOW(),NOW());
INSERT IGNORE INTO order_items (id,order_id,menu_item_id,quantity,price,subtotal,status,created_at,updated_at) VALUES (0x0b00000000000000000000000000003b,0x0a00000000000000000000000000000f,0x06000000000000000000000000000016,1,120.0,120.0,'SERVED',NOW(),NOW());
INSERT IGNORE INTO order_items (id,order_id,menu_item_id,quantity,price,subtotal,status,created_at,updated_at) VALUES (0x0b00000000000000000000000000003c,0x0a00000000000000000000000000000f,0x0600000000000000000000000000001a,1,280.0,280.0,'SERVED',NOW(),NOW());
INSERT IGNORE INTO order_items (id,order_id,menu_item_id,quantity,price,subtotal,status,created_at,updated_at) VALUES (0x0b00000000000000000000000000003d,0x0a000000000000000000000000000010,0x06000000000000000000000000000017,1,150.0,150.0,'SERVED',NOW(),NOW());
INSERT IGNORE INTO order_items (id,order_id,menu_item_id,quantity,price,subtotal,status,created_at,updated_at) VALUES (0x0b00000000000000000000000000003e,0x0a000000000000000000000000000010,0x06000000000000000000000000000018,1,520.0,520.0,'SERVED',NOW(),NOW());
INSERT IGNORE INTO order_items (id,order_id,menu_item_id,quantity,price,subtotal,status,created_at,updated_at) VALUES (0x0b00000000000000000000000000003f,0x0a000000000000000000000000000010,0x0600000000000000000000000000001c,1,180.0,180.0,'SERVED',NOW(),NOW());
INSERT IGNORE INTO order_items (id,order_id,menu_item_id,quantity,price,subtotal,status,created_at,updated_at) VALUES (0x0b000000000000000000000000000040,0x0a000000000000000000000000000011,0x06000000000000000000000000000018,1,520.0,520.0,'SERVED',NOW(),NOW());
INSERT IGNORE INTO order_items (id,order_id,menu_item_id,quantity,price,subtotal,status,created_at,updated_at) VALUES (0x0b000000000000000000000000000041,0x0a000000000000000000000000000011,0x06000000000000000000000000000019,1,480.0,480.0,'SERVED',NOW(),NOW());
INSERT IGNORE INTO order_items (id,order_id,menu_item_id,quantity,price,subtotal,status,created_at,updated_at) VALUES (0x0b000000000000000000000000000042,0x0a000000000000000000000000000012,0x06000000000000000000000000000016,1,120.0,120.0,'SERVED',NOW(),NOW());
INSERT IGNORE INTO order_items (id,order_id,menu_item_id,quantity,price,subtotal,status,created_at,updated_at) VALUES (0x0b000000000000000000000000000043,0x0a000000000000000000000000000012,0x0600000000000000000000000000001e,1,60.0,60.0,'SERVED',NOW(),NOW());
INSERT IGNORE INTO order_items (id,order_id,menu_item_id,quantity,price,subtotal,status,created_at,updated_at) VALUES (0x0b000000000000000000000000000044,0x0a000000000000000000000000000012,0x06000000000000000000000000000020,1,120.0,120.0,'SERVED',NOW(),NOW());
INSERT IGNORE INTO order_items (id,order_id,menu_item_id,quantity,price,subtotal,status,created_at,updated_at) VALUES (0x0b000000000000000000000000000045,0x0a000000000000000000000000000013,0x06000000000000000000000000000018,1,520.0,520.0,'SERVED',NOW(),NOW());
INSERT IGNORE INTO order_items (id,order_id,menu_item_id,quantity,price,subtotal,status,created_at,updated_at) VALUES (0x0b000000000000000000000000000046,0x0a000000000000000000000000000014,0x06000000000000000000000000000018,1,520.0,520.0,'SERVED',NOW(),NOW());
INSERT IGNORE INTO order_items (id,order_id,menu_item_id,quantity,price,subtotal,status,created_at,updated_at) VALUES (0x0b000000000000000000000000000047,0x0a000000000000000000000000000014,0x0600000000000000000000000000001c,1,180.0,180.0,'SERVED',NOW(),NOW());
INSERT IGNORE INTO order_items (id,order_id,menu_item_id,quantity,price,subtotal,status,created_at,updated_at) VALUES (0x0b000000000000000000000000000048,0x0a000000000000000000000000000014,0x06000000000000000000000000000020,1,120.0,120.0,'SERVED',NOW(),NOW());
INSERT IGNORE INTO order_items (id,order_id,menu_item_id,quantity,price,subtotal,status,created_at,updated_at) VALUES (0x0b000000000000000000000000000049,0x0a000000000000000000000000000015,0x06000000000000000000000000000019,1,480.0,480.0,'SERVED',NOW(),NOW());
INSERT IGNORE INTO order_items (id,order_id,menu_item_id,quantity,price,subtotal,status,created_at,updated_at) VALUES (0x0b00000000000000000000000000004a,0x0a000000000000000000000000000016,0x06000000000000000000000000000018,1,520.0,520.0,'SERVED',NOW(),NOW());
INSERT IGNORE INTO order_items (id,order_id,menu_item_id,quantity,price,subtotal,status,created_at,updated_at) VALUES (0x0b00000000000000000000000000004b,0x0a000000000000000000000000000016,0x0600000000000000000000000000001f,1,80.0,80.0,'SERVED',NOW(),NOW());
INSERT IGNORE INTO order_items (id,order_id,menu_item_id,quantity,price,subtotal,status,created_at,updated_at) VALUES (0x0b00000000000000000000000000004c,0x0a000000000000000000000000000017,0x06000000000000000000000000000018,2,520.0,1040.0,'SERVED',NOW(),NOW());
INSERT IGNORE INTO order_items (id,order_id,menu_item_id,quantity,price,subtotal,status,created_at,updated_at) VALUES (0x0b00000000000000000000000000004d,0x0a000000000000000000000000000017,0x06000000000000000000000000000019,1,480.0,480.0,'SERVED',NOW(),NOW());

-- STAFF ASSIGNMENTS
INSERT IGNORE INTO staff_assignments (id,user_id,restaurant_id,position,is_active,assigned_at,assigned_by) VALUES (0x07000000000000000000000000000007,0x01000000000000000000000000000013,0x02000000000000000000000000000001,'WAITER',TRUE,NOW(),0x01000000000000000000000000000002);
INSERT IGNORE INTO staff_assignments (id,user_id,restaurant_id,position,is_active,assigned_at,assigned_by) VALUES (0x07000000000000000000000000000008,0x01000000000000000000000000000014,0x02000000000000000000000000000001,'WAITER',TRUE,NOW(),0x01000000000000000000000000000002);
INSERT IGNORE INTO staff_assignments (id,user_id,restaurant_id,position,is_active,assigned_at,assigned_by) VALUES (0x07000000000000000000000000000009,0x01000000000000000000000000000015,0x02000000000000000000000000000001,'CHEF',TRUE,NOW(),0x01000000000000000000000000000002);
INSERT IGNORE INTO staff_assignments (id,user_id,restaurant_id,position,is_active,assigned_at,assigned_by) VALUES (0x0700000000000000000000000000000a,0x01000000000000000000000000000016,0x02000000000000000000000000000002,'CHEF',TRUE,NOW(),0x01000000000000000000000000000005);
INSERT IGNORE INTO staff_assignments (id,user_id,restaurant_id,position,is_active,assigned_at,assigned_by) VALUES (0x0700000000000000000000000000000b,0x01000000000000000000000000000013,0x02000000000000000000000000000002,'WAITER',TRUE,NOW(),0x01000000000000000000000000000005);

SET FOREIGN_KEY_CHECKS=1;