-- V6__seed_massive.sql
-- Additional seed data with correct UUIDs

SET FOREIGN_KEY_CHECKS=0;

INSERT IGNORE INTO users (id,email,password_hash,first_name,last_name,phone,role,is_email_verified,is_active,auth_provider) VALUES (0x01000000000000000000000000000017,'victoria.denys@test.com','$2b$10$X10BpsXM/vdU4GpvgMhl0undiHAPlwOzKMlPQ9rx22w2AyQI1JhhW','Вікторія','Денис','+380501234581','CLIENT',TRUE,TRUE,'LOCAL');
INSERT IGNORE INTO users (id,email,password_hash,first_name,last_name,phone,role,is_email_verified,is_active,auth_provider) VALUES (0x01000000000000000000000000000018,'maxim.ivanov@test.com','$2b$10$X10BpsXM/vdU4GpvgMhl0undiHAPlwOzKMlPQ9rx22w2AyQI1JhhW','Максим','Іванов','+380501234582','CLIENT',TRUE,TRUE,'LOCAL');
INSERT IGNORE INTO users (id,email,password_hash,first_name,last_name,phone,role,is_email_verified,is_active,auth_provider) VALUES (0x01000000000000000000000000000019,'kateryna.fedorova@test.com','$2b$10$X10BpsXM/vdU4GpvgMhl0undiHAPlwOzKMlPQ9rx22w2AyQI1JhhW','Катерина','Федорова','+380501234583','CLIENT',TRUE,TRUE,'LOCAL');
INSERT IGNORE INTO users (id,email,password_hash,first_name,last_name,phone,role,is_email_verified,is_active,auth_provider) VALUES (0x0100000000000000000000000000001a,'yaroslav.konovalov@test.com','$2b$10$X10BpsXM/vdU4GpvgMhl0undiHAPlwOzKMlPQ9rx22w2AyQI1JhhW','Ярослав','Коновалов','+380501234584','CLIENT',TRUE,TRUE,'LOCAL');
INSERT IGNORE INTO users (id,email,password_hash,first_name,last_name,phone,role,is_email_verified,is_active,auth_provider) VALUES (0x0100000000000000000000000000001b,'nataliia.pavlenko@test.com','$2b$10$X10BpsXM/vdU4GpvgMhl0undiHAPlwOzKMlPQ9rx22w2AyQI1JhhW','Наталія','Павленко','+380501234585','CLIENT',TRUE,TRUE,'LOCAL');
INSERT IGNORE INTO users (id,email,password_hash,first_name,last_name,phone,role,is_email_verified,is_active,auth_provider) VALUES (0x0100000000000000000000000000001c,'anton.kravchenko@test.com','$2b$10$X10BpsXM/vdU4GpvgMhl0undiHAPlwOzKMlPQ9rx22w2AyQI1JhhW','Антон','Кравченко','+380501234586','CLIENT',TRUE,TRUE,'LOCAL');
INSERT IGNORE INTO users (id,email,password_hash,first_name,last_name,phone,role,is_email_verified,is_active,auth_provider) VALUES (0x0100000000000000000000000000001d,'olha.shevchenko2@test.com','$2b$10$X10BpsXM/vdU4GpvgMhl0undiHAPlwOzKMlPQ9rx22w2AyQI1JhhW','Ольга','Шевченко','+380501234587','CLIENT',TRUE,TRUE,'LOCAL');
INSERT IGNORE INTO users (id,email,password_hash,first_name,last_name,phone,role,is_email_verified,is_active,auth_provider) VALUES (0x0100000000000000000000000000001e,'semen.matsenko@test.com','$2b$10$X10BpsXM/vdU4GpvgMhl0undiHAPlwOzKMlPQ9rx22w2AyQI1JhhW','Семен','Маценко','+380501234588','CLIENT',TRUE,TRUE,'LOCAL');
INSERT IGNORE INTO users (id,email,password_hash,first_name,last_name,phone,role,is_email_verified,is_active,auth_provider) VALUES (0x0100000000000000000000000000001f,'liliia.andreeva@test.com','$2b$10$X10BpsXM/vdU4GpvgMhl0undiHAPlwOzKMlPQ9rx22w2AyQI1JhhW','Лілія','Андреєва','+380501234589','CLIENT',TRUE,TRUE,'LOCAL');
INSERT IGNORE INTO users (id,email,password_hash,first_name,last_name,phone,role,is_email_verified,is_active,auth_provider) VALUES (0x01000000000000000000000000000020,'bohdan.kovalov@test.com','$2b$10$X10BpsXM/vdU4GpvgMhl0undiHAPlwOzKMlPQ9rx22w2AyQI1JhhW','Богдан','Ковалов','+380501234590','CLIENT',TRUE,TRUE,'LOCAL');
INSERT IGNORE INTO users (id,email,password_hash,first_name,last_name,phone,role,is_email_verified,is_active,auth_provider) VALUES (0x01000000000000000000000000000021,'svitlana.romanova@test.com','$2b$10$X10BpsXM/vdU4GpvgMhl0undiHAPlwOzKMlPQ9rx22w2AyQI1JhhW','Світлана','Романова','+380501234591','CLIENT',TRUE,TRUE,'LOCAL');
INSERT IGNORE INTO users (id,email,password_hash,first_name,last_name,phone,role,is_email_verified,is_active,auth_provider) VALUES (0x01000000000000000000000000000022,'artem.tarasov@test.com','$2b$10$X10BpsXM/vdU4GpvgMhl0undiHAPlwOzKMlPQ9rx22w2AyQI1JhhW','Артем','Тарасов','+380501234592','CLIENT',TRUE,TRUE,'LOCAL');
INSERT IGNORE INTO users (id,email,password_hash,first_name,last_name,phone,role,is_email_verified,is_active,auth_provider) VALUES (0x01000000000000000000000000000023,'mariia.bohdanova@test.com','$2b$10$X10BpsXM/vdU4GpvgMhl0undiHAPlwOzKMlPQ9rx22w2AyQI1JhhW','Марія','Богданова','+380501234593','CLIENT',TRUE,TRUE,'LOCAL');
INSERT IGNORE INTO users (id,email,password_hash,first_name,last_name,phone,role,is_email_verified,is_active,auth_provider) VALUES (0x01000000000000000000000000000024,'ivan.ponomarenko@test.com','$2b$10$X10BpsXM/vdU4GpvgMhl0undiHAPlwOzKMlPQ9rx22w2AyQI1JhhW','Іван','Пономаренко','+380501234594','CLIENT',TRUE,TRUE,'LOCAL');
INSERT IGNORE INTO users (id,email,password_hash,first_name,last_name,phone,role,is_email_verified,is_active,auth_provider) VALUES (0x01000000000000000000000000000025,'tetiana.kozak@test.com','$2b$10$X10BpsXM/vdU4GpvgMhl0undiHAPlwOzKMlPQ9rx22w2AyQI1JhhW','Тетяна','Козак','+380501234595','CLIENT',TRUE,TRUE,'LOCAL');
INSERT IGNORE INTO users (id,email,password_hash,first_name,last_name,phone,role,is_email_verified,is_active,auth_provider) VALUES (0x01000000000000000000000000000026,'danylo.melnyk@test.com','$2b$10$X10BpsXM/vdU4GpvgMhl0undiHAPlwOzKMlPQ9rx22w2AyQI1JhhW','Данило','Мельник','+380501234596','CLIENT',TRUE,TRUE,'LOCAL');
INSERT IGNORE INTO users (id,email,password_hash,first_name,last_name,phone,role,is_email_verified,is_active,auth_provider) VALUES (0x01000000000000000000000000000027,'viktor.lazarev@test.com','$2b$10$X10BpsXM/vdU4GpvgMhl0undiHAPlwOzKMlPQ9rx22w2AyQI1JhhW','Віктор','Лазарєв','+380501234597','CLIENT',TRUE,TRUE,'LOCAL');
INSERT IGNORE INTO users (id,email,password_hash,first_name,last_name,phone,role,is_email_verified,is_active,auth_provider) VALUES (0x01000000000000000000000000000028,'alina.popova@test.com','$2b$10$X10BpsXM/vdU4GpvgMhl0undiHAPlwOzKMlPQ9rx22w2AyQI1JhhW','Аліна','Попова','+380501234598','CLIENT',TRUE,TRUE,'LOCAL');
INSERT IGNORE INTO users (id,email,password_hash,first_name,last_name,phone,role,is_email_verified,is_active,auth_provider) VALUES (0x01000000000000000000000000000029,'ruslan.smirnov@test.com','$2b$10$X10BpsXM/vdU4GpvgMhl0undiHAPlwOzKMlPQ9rx22w2AyQI1JhhW','Руслан','Смірнов','+380501234599','CLIENT',TRUE,TRUE,'LOCAL');
INSERT IGNORE INTO users (id,email,password_hash,first_name,last_name,phone,role,is_email_verified,is_active,auth_provider) VALUES (0x0100000000000000000000000000002a,'angelina.krasnova@test.com','$2b$10$X10BpsXM/vdU4GpvgMhl0undiHAPlwOzKMlPQ9rx22w2AyQI1JhhW','Ангеліна','Краснова','+380501234600','CLIENT',TRUE,TRUE,'LOCAL');

-- MORE SMAK RESERVATIONS
INSERT IGNORE INTO reservations (id,restaurant_id,user_id,table_id,guest_count,reservation_date,reservation_time,duration,status,confirmation_type,customer_name,customer_phone,customer_email,created_at,updated_at) VALUES (0x0900000000000000000000000000002b,0x02000000000000000000000000000001,0x01000000000000000000000000000017,0x04000000000000000000000000000001,2,'2026-04-26','12:00:00',120,'PENDING','AUTO','Вікторія Денис','+380501234581','victoria.denys@test.com',NOW(),NOW());
INSERT IGNORE INTO reservations (id,restaurant_id,user_id,table_id,guest_count,reservation_date,reservation_time,duration,status,confirmation_type,customer_name,customer_phone,customer_email,created_at,updated_at) VALUES (0x0900000000000000000000000000002c,0x02000000000000000000000000000001,0x01000000000000000000000000000018,0x04000000000000000000000000000002,2,'2026-04-26','18:00:00',120,'CONFIRMED','AUTO','Максим Іванов','+380501234582','maxim.ivanov@test.com',NOW(),NOW());
INSERT IGNORE INTO reservations (id,restaurant_id,user_id,table_id,guest_count,reservation_date,reservation_time,duration,status,confirmation_type,customer_name,customer_phone,customer_email,created_at,updated_at) VALUES (0x0900000000000000000000000000002d,0x02000000000000000000000000000001,0x01000000000000000000000000000019,0x04000000000000000000000000000003,4,'2026-04-27','19:00:00',120,'PENDING','AUTO','Катерина Федорова','+380501234583','kateryna.fedorova@test.com',NOW(),NOW());
INSERT IGNORE INTO reservations (id,restaurant_id,user_id,table_id,guest_count,reservation_date,reservation_time,duration,status,confirmation_type,customer_name,customer_phone,customer_email,created_at,updated_at) VALUES (0x0900000000000000000000000000002e,0x02000000000000000000000000000001,0x0100000000000000000000000000001a,0x04000000000000000000000000000004,4,'2026-04-27','20:00:00',120,'PENDING','AUTO','Ярослав Коновалов','+380501234584','yaroslav.konovalov@test.com',NOW(),NOW());
INSERT IGNORE INTO reservations (id,restaurant_id,user_id,table_id,guest_count,reservation_date,reservation_time,duration,status,confirmation_type,customer_name,customer_phone,customer_email,created_at,updated_at) VALUES (0x0900000000000000000000000000002f,0x02000000000000000000000000000001,0x0100000000000000000000000000001b,0x04000000000000000000000000000005,6,'2026-04-28','18:30:00',180,'CONFIRMED','MANUAL','Наталія Павленко','+380501234585','nataliia.pavlenko@test.com',NOW(),NOW());
INSERT IGNORE INTO reservations (id,restaurant_id,user_id,table_id,guest_count,reservation_date,reservation_time,duration,status,confirmation_type,customer_name,customer_phone,customer_email,created_at,updated_at) VALUES (0x09000000000000000000000000000030,0x02000000000000000000000000000001,0x0100000000000000000000000000001c,0x04000000000000000000000000000006,4,'2026-04-28','19:30:00',120,'PENDING','AUTO','Антон Кравченко','+380501234586','anton.kravchenko@test.com',NOW(),NOW());
INSERT IGNORE INTO reservations (id,restaurant_id,user_id,table_id,guest_count,reservation_date,reservation_time,duration,status,confirmation_type,customer_name,customer_phone,customer_email,created_at,updated_at) VALUES (0x09000000000000000000000000000031,0x02000000000000000000000000000001,0x0100000000000000000000000000001d,0x04000000000000000000000000000007,4,'2026-04-29','18:00:00',120,'CONFIRMED','AUTO','Ольга Шевченко','+380501234587','olha.shevchenko2@test.com',NOW(),NOW());
INSERT IGNORE INTO reservations (id,restaurant_id,user_id,table_id,guest_count,reservation_date,reservation_time,duration,status,confirmation_type,customer_name,customer_phone,customer_email,created_at,updated_at) VALUES (0x09000000000000000000000000000032,0x02000000000000000000000000000001,0x0100000000000000000000000000001e,0x04000000000000000000000000000001,2,'2026-04-29','19:00:00',120,'PENDING','AUTO','Семен Маценко','+380501234588','semen.matsenko@test.com',NOW(),NOW());
INSERT IGNORE INTO reservations (id,restaurant_id,user_id,table_id,guest_count,reservation_date,reservation_time,duration,status,confirmation_type,customer_name,customer_phone,customer_email,created_at,updated_at) VALUES (0x09000000000000000000000000000033,0x02000000000000000000000000000001,0x0100000000000000000000000000001f,0x04000000000000000000000000000002,2,'2026-04-30','12:00:00',120,'PENDING','AUTO','Лілія Андреєва','+380501234589','liliia.andreeva@test.com',NOW(),NOW());
INSERT IGNORE INTO reservations (id,restaurant_id,user_id,table_id,guest_count,reservation_date,reservation_time,duration,status,confirmation_type,customer_name,customer_phone,customer_email,created_at,updated_at) VALUES (0x09000000000000000000000000000034,0x02000000000000000000000000000001,0x01000000000000000000000000000020,0x04000000000000000000000000000003,4,'2026-04-30','18:00:00',120,'PENDING','AUTO','Богдан Ковалов','+380501234590','bohdan.kovalov@test.com',NOW(),NOW());
INSERT IGNORE INTO reservations (id,restaurant_id,user_id,table_id,guest_count,reservation_date,reservation_time,duration,status,confirmation_type,customer_name,customer_phone,customer_email,created_at,updated_at) VALUES (0x09000000000000000000000000000035,0x02000000000000000000000000000001,0x01000000000000000000000000000021,0x04000000000000000000000000000004,2,'2026-04-30','19:00:00',120,'CONFIRMED','AUTO','Світлана Романова','+380501234591','svitlana.romanova@test.com',NOW(),NOW());
INSERT IGNORE INTO reservations (id,restaurant_id,user_id,table_id,guest_count,reservation_date,reservation_time,duration,status,confirmation_type,customer_name,customer_phone,customer_email,created_at,updated_at) VALUES (0x09000000000000000000000000000036,0x02000000000000000000000000000001,0x01000000000000000000000000000022,0x04000000000000000000000000000005,6,'2026-04-30','20:00:00',180,'PENDING','MANUAL','Артем Тарасов','+380501234592','artem.tarasov@test.com',NOW(),NOW());
INSERT IGNORE INTO reservations (id,restaurant_id,user_id,table_id,guest_count,reservation_date,reservation_time,duration,status,confirmation_type,customer_name,customer_phone,customer_email,created_at,updated_at) VALUES (0x09000000000000000000000000000037,0x02000000000000000000000000000001,0x01000000000000000000000000000023,0x04000000000000000000000000000006,4,'2026-05-01','18:00:00',120,'PENDING','AUTO','Марія Богданова','+380501234593','mariia.bohdanova@test.com',NOW(),NOW());
INSERT IGNORE INTO reservations (id,restaurant_id,user_id,table_id,guest_count,reservation_date,reservation_time,duration,status,confirmation_type,customer_name,customer_phone,customer_email,created_at,updated_at) VALUES (0x09000000000000000000000000000038,0x02000000000000000000000000000001,0x01000000000000000000000000000024,0x04000000000000000000000000000007,2,'2026-05-01','19:00:00',120,'PENDING','AUTO','Іван Пономаренко','+380501234594','ivan.ponomarenko@test.com',NOW(),NOW());
INSERT IGNORE INTO reservations (id,restaurant_id,user_id,table_id,guest_count,reservation_date,reservation_time,duration,status,confirmation_type,customer_name,customer_phone,customer_email,created_at,updated_at) VALUES (0x09000000000000000000000000000039,0x02000000000000000000000000000001,0x01000000000000000000000000000025,0x04000000000000000000000000000001,2,'2026-05-02','12:00:00',120,'PENDING','AUTO','Тетяна Козак','+380501234595','tetiana.kozak@test.com',NOW(),NOW());

-- MORE MRIYA RESERVATIONS
INSERT IGNORE INTO reservations (id,restaurant_id,user_id,table_id,guest_count,reservation_date,reservation_time,duration,status,confirmation_type,customer_name,customer_phone,customer_email,created_at,updated_at) VALUES (0x0900000000000000000000000000003a,0x02000000000000000000000000000002,0x01000000000000000000000000000017,0x04000000000000000000000000000009,2,'2026-04-26','19:00:00',120,'CONFIRMED','AUTO','Вікторія Денис','+380501234581','victoria.denys@test.com',NOW(),NOW());
INSERT IGNORE INTO reservations (id,restaurant_id,user_id,table_id,guest_count,reservation_date,reservation_time,duration,status,confirmation_type,customer_name,customer_phone,customer_email,created_at,updated_at) VALUES (0x0900000000000000000000000000003b,0x02000000000000000000000000000002,0x01000000000000000000000000000018,0x04000000000000000000000000000008,2,'2026-04-27','18:00:00',120,'PENDING','AUTO','Максим Іванов','+380501234582','maxim.ivanov@test.com',NOW(),NOW());
INSERT IGNORE INTO reservations (id,restaurant_id,user_id,table_id,guest_count,reservation_date,reservation_time,duration,status,confirmation_type,customer_name,customer_phone,customer_email,created_at,updated_at) VALUES (0x0900000000000000000000000000003c,0x02000000000000000000000000000002,0x01000000000000000000000000000019,0x0400000000000000000000000000000b,4,'2026-04-27','19:30:00',120,'PENDING','AUTO','Катерина Федорова','+380501234583','kateryna.fedorova@test.com',NOW(),NOW());
INSERT IGNORE INTO reservations (id,restaurant_id,user_id,table_id,guest_count,reservation_date,reservation_time,duration,status,confirmation_type,customer_name,customer_phone,customer_email,created_at,updated_at) VALUES (0x0900000000000000000000000000003d,0x02000000000000000000000000000002,0x0100000000000000000000000000001a,0x0400000000000000000000000000000c,4,'2026-04-28','20:00:00',120,'CONFIRMED','MANUAL','Ярослав Коновалов','+380501234584','yaroslav.konovalov@test.com',NOW(),NOW());
INSERT IGNORE INTO reservations (id,restaurant_id,user_id,table_id,guest_count,reservation_date,reservation_time,duration,status,confirmation_type,customer_name,customer_phone,customer_email,created_at,updated_at) VALUES (0x0900000000000000000000000000003e,0x02000000000000000000000000000002,0x0100000000000000000000000000001b,0x0400000000000000000000000000000a,6,'2026-04-28','18:00:00',180,'PENDING','MANUAL','Наталія Павленко','+380501234585','nataliia.pavlenko@test.com',NOW(),NOW());
INSERT IGNORE INTO reservations (id,restaurant_id,user_id,table_id,guest_count,reservation_date,reservation_time,duration,status,confirmation_type,customer_name,customer_phone,customer_email,created_at,updated_at) VALUES (0x0900000000000000000000000000003f,0x02000000000000000000000000000002,0x0100000000000000000000000000001c,0x04000000000000000000000000000009,2,'2026-04-29','12:00:00',120,'CONFIRMED','AUTO','Антон Кравченко','+380501234586','anton.kravchenko@test.com',NOW(),NOW());
INSERT IGNORE INTO reservations (id,restaurant_id,user_id,table_id,guest_count,reservation_date,reservation_time,duration,status,confirmation_type,customer_name,customer_phone,customer_email,created_at,updated_at) VALUES (0x09000000000000000000000000000040,0x02000000000000000000000000000002,0x0100000000000000000000000000001d,0x04000000000000000000000000000008,2,'2026-04-29','18:00:00',120,'PENDING','AUTO','Ольга Шевченко','+380501234587','olha.shevchenko2@test.com',NOW(),NOW());
INSERT IGNORE INTO reservations (id,restaurant_id,user_id,table_id,guest_count,reservation_date,reservation_time,duration,status,confirmation_type,customer_name,customer_phone,customer_email,created_at,updated_at) VALUES (0x09000000000000000000000000000041,0x02000000000000000000000000000002,0x0100000000000000000000000000001e,0x0400000000000000000000000000000b,4,'2026-04-30','19:00:00',120,'CONFIRMED','MANUAL','Семен Маценко','+380501234588','semen.matsenko@test.com',NOW(),NOW());
INSERT IGNORE INTO reservations (id,restaurant_id,user_id,table_id,guest_count,reservation_date,reservation_time,duration,status,confirmation_type,customer_name,customer_phone,customer_email,created_at,updated_at) VALUES (0x09000000000000000000000000000042,0x02000000000000000000000000000002,0x0100000000000000000000000000001f,0x0400000000000000000000000000000c,4,'2026-04-30','20:00:00',120,'PENDING','AUTO','Лілія Андреєва','+380501234589','liliia.andreeva@test.com',NOW(),NOW());
INSERT IGNORE INTO reservations (id,restaurant_id,user_id,table_id,guest_count,reservation_date,reservation_time,duration,status,confirmation_type,customer_name,customer_phone,customer_email,created_at,updated_at) VALUES (0x09000000000000000000000000000043,0x02000000000000000000000000000002,0x01000000000000000000000000000020,0x04000000000000000000000000000009,2,'2026-05-01','18:00:00',120,'PENDING','AUTO','Богдан Ковалов','+380501234590','bohdan.kovalov@test.com',NOW(),NOW());
INSERT IGNORE INTO reservations (id,restaurant_id,user_id,table_id,guest_count,reservation_date,reservation_time,duration,status,confirmation_type,customer_name,customer_phone,customer_email,created_at,updated_at) VALUES (0x09000000000000000000000000000044,0x02000000000000000000000000000002,0x01000000000000000000000000000021,0x04000000000000000000000000000008,2,'2026-05-01','19:00:00',120,'PENDING','AUTO','Світлана Романова','+380501234591','svitlana.romanova@test.com',NOW(),NOW());
INSERT IGNORE INTO reservations (id,restaurant_id,user_id,table_id,guest_count,reservation_date,reservation_time,duration,status,confirmation_type,customer_name,customer_phone,customer_email,created_at,updated_at) VALUES (0x09000000000000000000000000000045,0x02000000000000000000000000000002,0x01000000000000000000000000000022,0x0400000000000000000000000000000b,6,'2026-05-02','18:30:00',180,'CONFIRMED','MANUAL','Артем Тарасов','+380501234592','artem.tarasov@test.com',NOW(),NOW());
INSERT IGNORE INTO reservations (id,restaurant_id,user_id,table_id,guest_count,reservation_date,reservation_time,duration,status,confirmation_type,customer_name,customer_phone,customer_email,created_at,updated_at) VALUES (0x09000000000000000000000000000046,0x02000000000000000000000000000002,0x01000000000000000000000000000023,0x0400000000000000000000000000000a,8,'2026-05-02','20:00:00',180,'PENDING','MANUAL','Марія Богданова','+380501234593','mariia.bohdanova@test.com',NOW(),NOW());
INSERT IGNORE INTO reservations (id,restaurant_id,user_id,table_id,guest_count,reservation_date,reservation_time,duration,status,confirmation_type,customer_name,customer_phone,customer_email,created_at,updated_at) VALUES (0x09000000000000000000000000000047,0x02000000000000000000000000000002,0x01000000000000000000000000000024,0x0400000000000000000000000000000c,4,'2026-05-03','19:00:00',120,'PENDING','AUTO','Іван Пономаренко','+380501234594','ivan.ponomarenko@test.com',NOW(),NOW());
INSERT IGNORE INTO reservations (id,restaurant_id,user_id,table_id,guest_count,reservation_date,reservation_time,duration,status,confirmation_type,customer_name,customer_phone,customer_email,created_at,updated_at) VALUES (0x09000000000000000000000000000048,0x02000000000000000000000000000002,0x01000000000000000000000000000025,0x04000000000000000000000000000009,2,'2026-05-03','20:00:00',120,'PENDING','AUTO','Тетяна Козак','+380501234595','tetiana.kozak@test.com',NOW(),NOW());

-- MORE SMAK ORDERS
INSERT IGNORE INTO orders (id,restaurant_id,reservation_id,table_id,user_id,order_number,order_type,status,total_amount,created_by,created_at,updated_at,completed_at) VALUES (0x0a000000000000000000000000000018,0x02000000000000000000000000000001,0x0900000000000000000000000000002c,0x04000000000000000000000000000002,0x01000000000000000000000000000018,'ORD-20260426-0001','PRE_ORDER','COMPLETED',350.0,0x01000000000000000000000000000018,'2026-04-26 17:45:00','2026-04-26 20:00:00','2026-04-26 20:00:00');
INSERT IGNORE INTO orders (id,restaurant_id,reservation_id,table_id,user_id,order_number,order_type,status,total_amount,created_by,created_at,updated_at,completed_at) VALUES (0x0a000000000000000000000000000019,0x02000000000000000000000000000001,0x0900000000000000000000000000002f,0x04000000000000000000000000000005,0x0100000000000000000000000000001b,'ORD-20260428-0001','PRE_ORDER','COMPLETED',680.0,0x0100000000000000000000000000001b,'2026-04-28 18:15:00','2026-04-28 21:00:00','2026-04-28 21:00:00');
INSERT IGNORE INTO orders (id,restaurant_id,reservation_id,table_id,user_id,order_number,order_type,status,total_amount,created_by,created_at,updated_at,completed_at) VALUES (0x0a00000000000000000000000000001a,0x02000000000000000000000000000001,0x09000000000000000000000000000031,0x04000000000000000000000000000007,0x0100000000000000000000000000001d,'ORD-20260429-0001','PRE_ORDER','COMPLETED',420.0,0x0100000000000000000000000000001d,'2026-04-29 17:45:00','2026-04-29 20:30:00','2026-04-29 20:30:00');
INSERT IGNORE INTO orders (id,restaurant_id,reservation_id,table_id,user_id,order_number,order_type,status,total_amount,created_by,created_at,updated_at,completed_at) VALUES (0x0a00000000000000000000000000001b,0x02000000000000000000000000000001,0x09000000000000000000000000000035,0x04000000000000000000000000000004,0x01000000000000000000000000000021,'ORD-20260430-0001','PRE_ORDER','COMPLETED',290.0,0x01000000000000000000000000000021,'2026-04-30 18:45:00','2026-04-30 20:30:00','2026-04-30 20:30:00');
INSERT IGNORE INTO orders (id,restaurant_id,reservation_id,table_id,user_id,order_number,order_type,status,total_amount,created_by,created_at,updated_at,completed_at) VALUES (0x0a00000000000000000000000000001c,0x02000000000000000000000000000001,0x0900000000000000000000000000000b,0x04000000000000000000000000000003,0x0100000000000000000000000000000c,'ORD-20260312-0002','PRE_ORDER','COMPLETED',530.0,0x0100000000000000000000000000000c,'2026-03-12 19:00:00','2026-03-12 21:30:00','2026-03-12 21:30:00');
INSERT IGNORE INTO orders (id,restaurant_id,reservation_id,table_id,user_id,order_number,order_type,status,total_amount,created_by,created_at,updated_at,completed_at) VALUES (0x0a00000000000000000000000000001d,0x02000000000000000000000000000001,0x0900000000000000000000000000000c,0x04000000000000000000000000000005,0x0100000000000000000000000000000d,'ORD-20260315-0002','PRE_ORDER','COMPLETED',445.0,0x0100000000000000000000000000000d,'2026-03-15 19:00:00','2026-03-15 21:00:00','2026-03-15 21:00:00');
INSERT IGNORE INTO orders (id,restaurant_id,reservation_id,table_id,user_id,order_number,order_type,status,total_amount,created_by,created_at,updated_at,completed_at) VALUES (0x0a00000000000000000000000000001e,0x02000000000000000000000000000001,0x09000000000000000000000000000010,0x04000000000000000000000000000002,0x01000000000000000000000000000011,'ORD-20260325-0002','PRE_ORDER','COMPLETED',310.0,0x01000000000000000000000000000011,'2026-03-25 18:30:00','2026-03-25 20:00:00','2026-03-25 20:00:00');
INSERT IGNORE INTO orders (id,restaurant_id,reservation_id,table_id,user_id,order_number,order_type,status,total_amount,created_by,created_at,updated_at,completed_at) VALUES (0x0a00000000000000000000000000001f,0x02000000000000000000000000000001,0x09000000000000000000000000000011,0x04000000000000000000000000000003,0x01000000000000000000000000000012,'ORD-20260328-0002','PRE_ORDER','COMPLETED',390.0,0x01000000000000000000000000000012,'2026-03-28 18:30:00','2026-03-28 20:30:00','2026-03-28 20:30:00');

-- MORE MRIYA ORDERS
INSERT IGNORE INTO orders (id,restaurant_id,reservation_id,table_id,user_id,order_number,order_type,status,total_amount,created_by,created_at,updated_at,completed_at) VALUES (0x0a000000000000000000000000000020,0x02000000000000000000000000000002,0x0900000000000000000000000000003a,0x04000000000000000000000000000009,0x01000000000000000000000000000017,'ORD-20260426-0002','PRE_ORDER','COMPLETED',600.0,0x01000000000000000000000000000017,'2026-04-26 18:45:00','2026-04-26 21:00:00','2026-04-26 21:00:00');
INSERT IGNORE INTO orders (id,restaurant_id,reservation_id,table_id,user_id,order_number,order_type,status,total_amount,created_by,created_at,updated_at,completed_at) VALUES (0x0a000000000000000000000000000021,0x02000000000000000000000000000002,0x0900000000000000000000000000003d,0x0400000000000000000000000000000c,0x0100000000000000000000000000001a,'ORD-20260428-0002','PRE_ORDER','COMPLETED',780.0,0x0100000000000000000000000000001a,'2026-04-28 19:45:00','2026-04-28 22:00:00','2026-04-28 22:00:00');
INSERT IGNORE INTO orders (id,restaurant_id,reservation_id,table_id,user_id,order_number,order_type,status,total_amount,created_by,created_at,updated_at,completed_at) VALUES (0x0a000000000000000000000000000022,0x02000000000000000000000000000002,0x0900000000000000000000000000003f,0x04000000000000000000000000000009,0x0100000000000000000000000000001c,'ORD-20260429-0002','PRE_ORDER','COMPLETED',480.0,0x0100000000000000000000000000001c,'2026-04-29 11:45:00','2026-04-29 13:30:00','2026-04-29 13:30:00');
INSERT IGNORE INTO orders (id,restaurant_id,reservation_id,table_id,user_id,order_number,order_type,status,total_amount,created_by,created_at,updated_at,completed_at) VALUES (0x0a000000000000000000000000000023,0x02000000000000000000000000000002,0x09000000000000000000000000000041,0x0400000000000000000000000000000b,0x0100000000000000000000000000001e,'ORD-20260430-0002','PRE_ORDER','COMPLETED',860.0,0x0100000000000000000000000000001e,'2026-04-30 18:45:00','2026-04-30 21:30:00','2026-04-30 21:30:00');
INSERT IGNORE INTO orders (id,restaurant_id,reservation_id,table_id,user_id,order_number,order_type,status,total_amount,created_by,created_at,updated_at,completed_at) VALUES (0x0a000000000000000000000000000024,0x02000000000000000000000000000002,0x0900000000000000000000000000001e,0x0400000000000000000000000000000a,0x0100000000000000000000000000000b,'ORD-20260311-0002','PRE_ORDER','COMPLETED',700.0,0x0100000000000000000000000000000b,'2026-03-11 19:30:00','2026-03-11 22:00:00','2026-03-11 22:00:00');
INSERT IGNORE INTO orders (id,restaurant_id,reservation_id,table_id,user_id,order_number,order_type,status,total_amount,created_by,created_at,updated_at,completed_at) VALUES (0x0a000000000000000000000000000025,0x02000000000000000000000000000002,0x0900000000000000000000000000001f,0x0400000000000000000000000000000b,0x0100000000000000000000000000000c,'ORD-20260313-0002','PRE_ORDER','COMPLETED',520.0,0x0100000000000000000000000000000c,'2026-03-13 19:30:00','2026-03-13 21:30:00','2026-03-13 21:30:00');
INSERT IGNORE INTO orders (id,restaurant_id,reservation_id,table_id,user_id,order_number,order_type,status,total_amount,created_by,created_at,updated_at,completed_at) VALUES (0x0a000000000000000000000000000026,0x02000000000000000000000000000002,0x09000000000000000000000000000023,0x04000000000000000000000000000008,0x01000000000000000000000000000010,'ORD-20260323-0002','PRE_ORDER','COMPLETED',640.0,0x01000000000000000000000000000010,'2026-03-23 20:00:00','2026-03-23 22:00:00','2026-03-23 22:00:00');

-- ORDER ITEMS FOR NEW SMAK ORDERS
INSERT IGNORE INTO order_items (id,order_id,menu_item_id,quantity,price,subtotal,status,created_at,updated_at) VALUES (0x0b000000000000000000000000000060,0x0a000000000000000000000000000018,0x06000000000000000000000000000001,2,120.0,240.0,'SERVED',NOW(),NOW());
INSERT IGNORE INTO order_items (id,order_id,menu_item_id,quantity,price,subtotal,status,created_at,updated_at) VALUES (0x0b000000000000000000000000000061,0x0a000000000000000000000000000018,0x06000000000000000000000000000009,2,30.0,60.0,'SERVED',NOW(),NOW());
INSERT IGNORE INTO order_items (id,order_id,menu_item_id,quantity,price,subtotal,status,created_at,updated_at) VALUES (0x0b000000000000000000000000000062,0x0a000000000000000000000000000019,0x06000000000000000000000000000004,1,350.0,350.0,'SERVED',NOW(),NOW());
INSERT IGNORE INTO order_items (id,order_id,menu_item_id,quantity,price,subtotal,status,created_at,updated_at) VALUES (0x0b000000000000000000000000000063,0x0a000000000000000000000000000019,0x06000000000000000000000000000003,1,180.0,180.0,'SERVED',NOW(),NOW());
INSERT IGNORE INTO order_items (id,order_id,menu_item_id,quantity,price,subtotal,status,created_at,updated_at) VALUES (0x0b000000000000000000000000000064,0x0a000000000000000000000000000019,0x06000000000000000000000000000008,1,200.0,200.0,'SERVED',NOW(),NOW());
INSERT IGNORE INTO order_items (id,order_id,menu_item_id,quantity,price,subtotal,status,created_at,updated_at) VALUES (0x0b000000000000000000000000000065,0x0a00000000000000000000000000001a,0x06000000000000000000000000000004,1,350.0,350.0,'SERVED',NOW(),NOW());
INSERT IGNORE INTO order_items (id,order_id,menu_item_id,quantity,price,subtotal,status,created_at,updated_at) VALUES (0x0b000000000000000000000000000066,0x0a00000000000000000000000000001a,0x06000000000000000000000000000006,1,120.0,120.0,'SERVED',NOW(),NOW());
INSERT IGNORE INTO order_items (id,order_id,menu_item_id,quantity,price,subtotal,status,created_at,updated_at) VALUES (0x0b000000000000000000000000000067,0x0a00000000000000000000000000001b,0x06000000000000000000000000000001,1,120.0,120.0,'SERVED',NOW(),NOW());
INSERT IGNORE INTO order_items (id,order_id,menu_item_id,quantity,price,subtotal,status,created_at,updated_at) VALUES (0x0b000000000000000000000000000068,0x0a00000000000000000000000000001b,0x06000000000000000000000000000006,1,120.0,120.0,'SERVED',NOW(),NOW());
INSERT IGNORE INTO order_items (id,order_id,menu_item_id,quantity,price,subtotal,status,created_at,updated_at) VALUES (0x0b000000000000000000000000000069,0x0a00000000000000000000000000001b,0x06000000000000000000000000000009,1,30.0,30.0,'SERVED',NOW(),NOW());
INSERT IGNORE INTO order_items (id,order_id,menu_item_id,quantity,price,subtotal,status,created_at,updated_at) VALUES (0x0b00000000000000000000000000006a,0x0a00000000000000000000000000001c,0x06000000000000000000000000000004,1,350.0,350.0,'SERVED',NOW(),NOW());
INSERT IGNORE INTO order_items (id,order_id,menu_item_id,quantity,price,subtotal,status,created_at,updated_at) VALUES (0x0b00000000000000000000000000006b,0x0a00000000000000000000000000001c,0x06000000000000000000000000000006,1,120.0,120.0,'SERVED',NOW(),NOW());
INSERT IGNORE INTO order_items (id,order_id,menu_item_id,quantity,price,subtotal,status,created_at,updated_at) VALUES (0x0b00000000000000000000000000006c,0x0a00000000000000000000000000001c,0x06000000000000000000000000000009,2,30.0,60.0,'SERVED',NOW(),NOW());
INSERT IGNORE INTO order_items (id,order_id,menu_item_id,quantity,price,subtotal,status,created_at,updated_at) VALUES (0x0b00000000000000000000000000006d,0x0a00000000000000000000000000001d,0x06000000000000000000000000000003,1,180.0,180.0,'SERVED',NOW(),NOW());
INSERT IGNORE INTO order_items (id,order_id,menu_item_id,quantity,price,subtotal,status,created_at,updated_at) VALUES (0x0b00000000000000000000000000006e,0x0a00000000000000000000000000001d,0x06000000000000000000000000000006,1,120.0,120.0,'SERVED',NOW(),NOW());
INSERT IGNORE INTO order_items (id,order_id,menu_item_id,quantity,price,subtotal,status,created_at,updated_at) VALUES (0x0b00000000000000000000000000006f,0x0a00000000000000000000000000001d,0x06000000000000000000000000000008,1,200.0,200.0,'SERVED',NOW(),NOW());
INSERT IGNORE INTO order_items (id,order_id,menu_item_id,quantity,price,subtotal,status,created_at,updated_at) VALUES (0x0b000000000000000000000000000070,0x0a00000000000000000000000000001e,0x06000000000000000000000000000001,1,120.0,120.0,'SERVED',NOW(),NOW());
INSERT IGNORE INTO order_items (id,order_id,menu_item_id,quantity,price,subtotal,status,created_at,updated_at) VALUES (0x0b000000000000000000000000000071,0x0a00000000000000000000000000001e,0x06000000000000000000000000000006,1,120.0,120.0,'SERVED',NOW(),NOW());
INSERT IGNORE INTO order_items (id,order_id,menu_item_id,quantity,price,subtotal,status,created_at,updated_at) VALUES (0x0b000000000000000000000000000072,0x0a00000000000000000000000000001e,0x06000000000000000000000000000009,2,30.0,60.0,'SERVED',NOW(),NOW());
INSERT IGNORE INTO order_items (id,order_id,menu_item_id,quantity,price,subtotal,status,created_at,updated_at) VALUES (0x0b000000000000000000000000000073,0x0a00000000000000000000000000001f,0x06000000000000000000000000000003,1,180.0,180.0,'SERVED',NOW(),NOW());
INSERT IGNORE INTO order_items (id,order_id,menu_item_id,quantity,price,subtotal,status,created_at,updated_at) VALUES (0x0b000000000000000000000000000074,0x0a00000000000000000000000000001f,0x06000000000000000000000000000004,1,350.0,350.0,'SERVED',NOW(),NOW());

-- ORDER ITEMS FOR NEW MRIYA ORDERS
INSERT IGNORE INTO order_items (id,order_id,menu_item_id,quantity,price,subtotal,status,created_at,updated_at) VALUES (0x0b000000000000000000000000000075,0x0a000000000000000000000000000020,0x06000000000000000000000000000018,1,520.0,520.0,'SERVED',NOW(),NOW());
INSERT IGNORE INTO order_items (id,order_id,menu_item_id,quantity,price,subtotal,status,created_at,updated_at) VALUES (0x0b000000000000000000000000000076,0x0a000000000000000000000000000020,0x0600000000000000000000000000001e,1,60.0,60.0,'SERVED',NOW(),NOW());
INSERT IGNORE INTO order_items (id,order_id,menu_item_id,quantity,price,subtotal,status,created_at,updated_at) VALUES (0x0b000000000000000000000000000077,0x0a000000000000000000000000000021,0x06000000000000000000000000000018,1,520.0,520.0,'SERVED',NOW(),NOW());
INSERT IGNORE INTO order_items (id,order_id,menu_item_id,quantity,price,subtotal,status,created_at,updated_at) VALUES (0x0b000000000000000000000000000078,0x0a000000000000000000000000000021,0x06000000000000000000000000000019,1,480.0,480.0,'SERVED',NOW(),NOW());
INSERT IGNORE INTO order_items (id,order_id,menu_item_id,quantity,price,subtotal,status,created_at,updated_at) VALUES (0x0b000000000000000000000000000079,0x0a000000000000000000000000000022,0x06000000000000000000000000000019,1,480.0,480.0,'SERVED',NOW(),NOW());
INSERT IGNORE INTO order_items (id,order_id,menu_item_id,quantity,price,subtotal,status,created_at,updated_at) VALUES (0x0b00000000000000000000000000007a,0x0a000000000000000000000000000023,0x06000000000000000000000000000018,1,520.0,520.0,'SERVED',NOW(),NOW());
INSERT IGNORE INTO order_items (id,order_id,menu_item_id,quantity,price,subtotal,status,created_at,updated_at) VALUES (0x0b00000000000000000000000000007b,0x0a000000000000000000000000000023,0x0600000000000000000000000000001a,1,280.0,280.0,'SERVED',NOW(),NOW());
INSERT IGNORE INTO order_items (id,order_id,menu_item_id,quantity,price,subtotal,status,created_at,updated_at) VALUES (0x0b00000000000000000000000000007c,0x0a000000000000000000000000000023,0x0600000000000000000000000000001e,1,60.0,60.0,'SERVED',NOW(),NOW());
INSERT IGNORE INTO order_items (id,order_id,menu_item_id,quantity,price,subtotal,status,created_at,updated_at) VALUES (0x0b00000000000000000000000000007d,0x0a000000000000000000000000000024,0x06000000000000000000000000000018,1,520.0,520.0,'SERVED',NOW(),NOW());
INSERT IGNORE INTO order_items (id,order_id,menu_item_id,quantity,price,subtotal,status,created_at,updated_at) VALUES (0x0b00000000000000000000000000007e,0x0a000000000000000000000000000024,0x0600000000000000000000000000001c,1,180.0,180.0,'SERVED',NOW(),NOW());
INSERT IGNORE INTO order_items (id,order_id,menu_item_id,quantity,price,subtotal,status,created_at,updated_at) VALUES (0x0b00000000000000000000000000007f,0x0a000000000000000000000000000025,0x06000000000000000000000000000019,1,480.0,480.0,'SERVED',NOW(),NOW());
INSERT IGNORE INTO order_items (id,order_id,menu_item_id,quantity,price,subtotal,status,created_at,updated_at) VALUES (0x0b000000000000000000000000000080,0x0a000000000000000000000000000025,0x0600000000000000000000000000001e,1,60.0,60.0,'SERVED',NOW(),NOW());
INSERT IGNORE INTO order_items (id,order_id,menu_item_id,quantity,price,subtotal,status,created_at,updated_at) VALUES (0x0b000000000000000000000000000081,0x0a000000000000000000000000000026,0x06000000000000000000000000000018,1,520.0,520.0,'SERVED',NOW(),NOW());
INSERT IGNORE INTO order_items (id,order_id,menu_item_id,quantity,price,subtotal,status,created_at,updated_at) VALUES (0x0b000000000000000000000000000082,0x0a000000000000000000000000000026,0x06000000000000000000000000000020,1,120.0,120.0,'SERVED',NOW(),NOW());

SET FOREIGN_KEY_CHECKS=1;